id,content,location,service,price,environment,dish
2,攻略了一堆大连美食，还是选择了正黄旗，看看究竟多火?果然名不虚传，门口一堆辽B豪车，看来也是本地人的首选，人要了四个菜，海胆一只，海肠水饺一份，酱拌鲍螺一份，烤鸟贝烤牛舌两串～花了260多～海肠水饺味道很棒，但是119价格是贵了点，牛舌好吃，海胆比较鸡肋，感觉味道一般，俩人光盘啦，也算没白来一趟大连呀～,Not Mentioned,Not Mentioned,Negative,Not Mentioned,Neutral
5,"图片没有全部上传，最多只能九张，买单为了凑数后来又加了一个饮料8元，别提了就是上当受骗，太贵了，随便去个小店海肠68一斤遍地都是，他家199只是一份肯定不足一斤了，海肠饺子119元一份，同样的海胆69元一个别家小店15元
一个，相似度百分之90以上，基本一样，因本人只是肉眼观测从不说满话，绝对的坑，和老婆花了900元，在美团拍了九张卷等于是花了800元，没有龙虾，没有喝酒，具体不爱详细说了，后来逛街才知道，被坑的很惨，花钱不怕但是一定要值得，切记正黄旗绝对宰人，不懂为什么人多去吃的原因，环境也一般，实在是大连最傻的体验",Not Mentioned,Not Mentioned,Negative,Neutral,Not Mentioned
6,价格贵，不过也有价格中等的！关键口味太咸，味道感觉一般吧！大连的海鲜普遍比一线城市上海贵一倍，上海小青龙178一斤，贵的时候也才198，大连起步价格398，价格真心太贵！可能旅游城市，都是物价超级贵！,Not Mentioned,Not Mentioned,Negative,Not Mentioned,Neutral
7,【口味】味道挺好的，烤串火候差点，上来就是凉的…辣炒虾爬子好吃！海胆小贵也不算好吃。生蚝得赞??服务热情但是对慕名而来的外地人，海鲜介绍的不清楚…大概是因为客人太多吧…,Not Mentioned,Positive,Negative,Not Mentioned,Neutral
9,"【口味】整体口味还是不错的，但是有点小贵
【环境】环境还是bu?cuo?de
【服务】人比较多，感觉有点顾不过来",Not Mentioned,Neutral,Negative,Positive,Positive
10,真的一般，在地下吃的，一进去一股难闻的气味。点了清蒸梭子蟹，不给任何调料。要姜末说得现切。然后10分钟后螃蟹凉了才上来。价格偏贵。,Not Mentioned,Negative,Negative,Negative,Neutral
11,烧烤味道，虽然海鲜较贵但是胜在新鲜,Not Mentioned,Not Mentioned,Negative,Not Mentioned,Positive
14,除了贵其他都好,Not Mentioned,Not Mentioned,Negative,Not Mentioned,Neutral
16,"两个人432，还没吃饱，为什么呢？因为被坑了，海胆和鲍鱼千万别尝试，没什么特色，量少，特别贵，两个海胆就是两小碗鸡蛋138。
但是服务还是很热情，其他菜还可以。",Not Mentioned,Positive,Negative,Not Mentioned,Negative
17,贵，没觉得太好吃，还行，可以尝试,Not Mentioned,Not Mentioned,Negative,Not Mentioned,Neutral
18,菜比别的地方贵一半，味道也很一般，外地人打卡居多，本地人感觉不是很多！,Not Mentioned,Not Mentioned,Negative,Not Mentioned,Neutral
19,太贵了，而且好多海鲜都没价钱标记，不会再去,Not Mentioned,Not Mentioned,Negative,Not Mentioned,Not Mentioned
21,主推鲍鱼，49一只，要帮我点2只，我没同意，结果，上菜的时候，在流水单上出现了！点了1个鸡翅中，结果，流水单上没有。生蚝和大虾挺大，味道也可以，牛舌比较好吃，护心肉口感较硬，秋葵鲜贝是酸口的，个人不太喜欢。排队1小时，上菜半小时。都是外地人，据说本地人都不来吃的。这种以“种草”闻名的餐厅还是慎重吧！,Not Mentioned,Negative,Neutral,Not Mentioned,Positive
22,人挺多的，但是菜都很咸，吃不惯。,Not Mentioned,Not Mentioned,Not Mentioned,Not Mentioned,Negative
26,挺新鲜的，就是价格小贵，没有发票。,Not Mentioned,Not Mentioned,Negative,Not Mentioned,Not Mentioned
28,东西不错 就是太贵了,Not Mentioned,Not Mentioned,Negative,Not Mentioned,Positive
30,除了椒盐虾爬子以外都很不错，椒盐虾爬子简直太差了，最贵的一个菜结果口味最差，让人太失望了。椒盐味几乎没有，最重要的是炸的火候太差太差了，虾爬子都浸油了，明显是油温不够就下锅了，外壳不酥不脆，虾肉浸油后没有任何鲜味一股喀啦油的味道，用的油应该也是反复炸过很久了，因为一个菜拉低了整体用餐体验，综合打分60分，没有这个菜可以给90分,Not Mentioned,Not Mentioned,Not Mentioned,Not Mentioned,Negative
31,生意爆好，因此等的时间有点长，另外海鲜上的较慢。口味可以。,Not Mentioned,Negative,Not Mentioned,Not Mentioned,Positive
34,感觉炒作出的网红，感觉一般，性价比不高,Not Mentioned,Not Mentioned,Negative,Not Mentioned,Neutral
36,服务态度不好，上菜慢。味道凑合吧。,Not Mentioned,Negative,Not Mentioned,Not Mentioned,Neutral
37,口味一般，服务很差，还拒绝自带酒水，和海南比起来差远了…,Not Mentioned,Negative,Not Mentioned,Not Mentioned,Neutral
38,味道一般 海鲜很肥 东西很贵 没别的了。,Not Mentioned,Not Mentioned,Negative,Not Mentioned,Neutral
42,我画条的不要吃了。其他还好，价格比较贵了，第二天吃别家差好多价格。服务不咋好。要个东西老费劲了。最后吃完了都没给我拿吸管,Not Mentioned,Negative,Negative,Not Mentioned,Not Mentioned
43,有些小贵，不过非常好吃,Not Mentioned,Not Mentioned,Negative,Not Mentioned,Positive
45,这家店给我唯一的好印象就是：辣炒皮皮虾很好吃。剩下的印象可以说都不是很愉快。这家美团上的价格和实际价格严重不符！相差太大！还有海胆是苦的！特别苦，一点都不好吃，感觉也没那么新鲜。而且服务员态度很差，我点了个牛舌，但是等了好久好久才来告诉我牛舌卖完了，也是醉了。扇贝味道一般，就是肉大。,Not Mentioned,Negative,Negative,Not Mentioned,Neutral
46,还不错。贵是真贵。味道还不错。,Not Mentioned,Not Mentioned,Negative,Not Mentioned,Positive
48,"进门之后就觉得生意真好，产品展示着供客人挑选点菜。作为一个外地人完全是跟着导航来的这里。
【环境】人进到就餐区有点闷，喘不过气来，而且空气里都是油腻腻的味道。
【服务】小哥们都很热情的推荐酒水饮料
【口味】也许是我们吃不习惯吧，感觉还没有前天晚上的苍蝇小馆好吃，水饺也是韭菜的 还那么贵，真不如去喜鼎吃。
最终感觉就是贵 东西不错厨师不行。",Not Mentioned,Positive,Negative,Negative,Neutral
50,有的菜上的比较慢  都吃完了  还没上来,Not Mentioned,Negative,Not Mentioned,Not Mentioned,Not Mentioned
52,菜可以。服务态度太差了。瞧不起人似的。,Not Mentioned,Negative,Not Mentioned,Not Mentioned,Positive
53,父母聚会经常去，这次我和朋友也去了，前面排队很多，菜品齐全，味道好,Not Mentioned,Negative,Not Mentioned,Not Mentioned,Positive
54,海鲜不新鲜，当晚回来就给我吐毁了，以后再也不会去这家店吃了封杀,Not Mentioned,Not Mentioned,Not Mentioned,Not Mentioned,Negative
57,美团上写代金券可叠加，不限张数。实际结账就给验证10张，超出不给验券。商家推脱说是美团不给验证。优惠不起就别开美团，要不就写清楚仅限10张。说了做不到，为什么还要挂在网上丢人？,Not Mentioned,Not Mentioned,Negative,Not Mentioned,Not Mentioned
61,为了他家的海胆去的 味道新鲜 有时候会卖完呢 其他生吃海鲜也是一样的有品质 价位方面 稍贵,Not Mentioned,Not Mentioned,Negative,Not Mentioned,Positive
62,太嫩 不适应 偏咸 性价比不高。。。,Not Mentioned,Not Mentioned,Negative,Not Mentioned,Neutral
63,每次路过人都很多，不管什么季节都要等位置，终于排队吃了一回，感觉没有想象中的好吃，肉口感一般，有点咸，海鲜是特色，但是人多上菜不是特别快，服务员总给推荐很贵的东西，整体感觉偏贵,Not Mentioned,Negative,Not Mentioned,Not Mentioned,Neutral
64,除了贵都挺好,Not Mentioned,Not Mentioned,Negative,Not Mentioned,Not Mentioned
65,一般吧  就是海鲜新鲜   但是也特别贵  小皮皮虾竟然要100元一斤,Not Mentioned,Not Mentioned,Negative,Not Mentioned,Neutral
68,味道可以，海鲜很全，个头够大，除了贵没毛病,Not Mentioned,Not Mentioned,Negative,Not Mentioned,Positive
69,海鲜肥美，很忙，服务员人手不够，价格贵一大一小吃了近500,Not Mentioned,Neutral,Negative,Not Mentioned,Not Mentioned
71,还行吧，有点贵，红红火火恍恍惚惚,Not Mentioned,Not Mentioned,Negative,Not Mentioned,Not Mentioned
75,请好兄弟吃点好的，很好吃，有点小贵，但是吃得挺爽～ #烤牛舌# #生吃海胆# #蒜蓉蒸扇贝# #烤护心肉# #生蚝# #烤海肠# #烤鸟贝#,Not Mentioned,Not Mentioned,Negative,Not Mentioned,Positive
76,贵，口味一般，不知道为啥会那么多人去…,Not Mentioned,Not Mentioned,Negative,Not Mentioned,Neutral
77,口味不错，确实是贵了点，那个海胆蒸蛋不敢恭维，不如沈阳夜市的好吃 #烤牛舌# #烤大鲍鱼#,Not Mentioned,Not Mentioned,Negative,Not Mentioned,Neutral
79,"正黄旗口味排在排行榜我能接受，环境也可以吧，但是服务实在是差劲啊，哎[失望]
都说贵，但是海鲜价钱还可以啊，而且贵也有贵的道理，挺大的，口味也不错，不过烤串价钱挺亲民的。我吃感觉挺好的，不是特别夸张，我能接受。
环境，其实说良心话可以，但是没有分区就有点不好了，建议专门设抽烟区。",Not Mentioned,Negative,Neutral,Positive,Positive
82,服务，不是一般二般的差，那叫一个牛啊，让来个酒叫了好几遍，换了好几个服务员也没来，水撒了，看见了之后那叫一个慢动作回放啊，后来小伙伴说，你把东西给我们，我们自己收拾，还扔脸子，结账慢的要死，喜欢服务能加强，别毁了招牌。,Not Mentioned,Negative,Not Mentioned,Not Mentioned,Not Mentioned
84,没有想象中那么贵 看评论说服务员态度差很牛 其实态度非常好 两个人的菜价 供参考,Not Mentioned,Neutral,Negative,Not Mentioned,Not Mentioned
85,今年四月来大连吃了一次，那个海肠饺子是99元20个，10月份再来居然涨价169元20个，吓得宝宝没敢吃，话说，海肠是稀缺了吧？海鲜只吃出来贵的味道没吃出来特别之处。下次坚决不去了!,Not Mentioned,Not Mentioned,Negative,Not Mentioned,Neutral
87,美团上大连海鲜排名第一，果然，让人失望第一，有以下几点：吃饭排队，大概需要1小时左右，全部让点菜，然后继续排队，等到有桌子了，还继续等；服务员推荐的菜，千万不要点，全是坑，推荐的大鲍烤，说全店第一名，大家看图，烤焦了，并且超市卖5元/个，这里49元/个，请问，是否可以去物价局投诉了，然后店内环境也一般吧，桌子油乎乎，美团人均80多，请问这个是怎么吃出来的，鲍鱼49元，扇贝29元，这两个就79元。所以，毫不性价比，而且味道也一般，真心不推荐大家去，说“黑店”也不过份，请美团认真核实一下，是否达到了大连排名第一的水准，反正吃了很失望，对大连的印象也降分了！！！,Not Mentioned,Negative,Negative,Negative,Negative
89,除了有点小贵哪都好，特别好吃?,Not Mentioned,Not Mentioned,Negative,Not Mentioned,Positive
93,味道挺好的 海鲜都很新鲜 价钱适中 大连旅游城市 这个价钱也是很良心的价格了 菜品看图片吧 门脸一般大 里面的空间不小 多亏看了评论 四点多就来了 没用等位 五点多吃完出来 门口已经很多等位的人了 开车来的真心要早点 这地方停个车真费劲啊 看评论点的菜 都很好吃 看来同志们都是良心推荐啊 没有尝试海胆 肠胃感冒刚好 喝了海胆海带汤 味道很鲜 里面海胆也很多的 #鱼籽肠# #生吃海胆# #烤鲍鱼#,Not Mentioned,Negative,Positive,Neutral,Positive
96,慕名而来，失望而归，实在一般，服务太差,Not Mentioned,Negative,Not Mentioned,Not Mentioned,Neutral
97,很一般，人多服务差还不好吃，环境也一般，反正就是一般般,Not Mentioned,Negative,Not Mentioned,Neutral,Neutral
100,下午2点去的，可能人比较多，服务态度不是很好。9个人，外面坐不下，要求坐包房，被告知不可以享受八五折优惠，同时还被要求四点之前必须吃完，挺不满意的，即使晚上有预定，也应该是商量的口气而不是命令的口气。上菜速度很慢，点碗米饭也要20分钟才上的来，菜的味道一般吧，没有那么好，8个人吃烧烤，点了2个炒小海鲜，不喝酒，花700多，感觉一般般吧。,Not Mentioned,Negative,Negative,Not Mentioned,Neutral
104,味道很好，只是服务员好像很忙…想要加菜好几个服务员推来推去都说稍等…,Not Mentioned,Negative,Not Mentioned,Not Mentioned,Positive
107,还可以吧，不错。挺好的，稍微有点贵。,Not Mentioned,Not Mentioned,Negative,Not Mentioned,Neutral
117,等了有一个小时，排队秩序混乱，有待改进,Not Mentioned,Negative,Not Mentioned,Not Mentioned,Not Mentioned
118,就是等的时间太长，而且先点的菜，其他桌都吃完了，我们催了好几次才上，其他都很好,Not Mentioned,Negative,Not Mentioned,Not Mentioned,Not Mentioned
119,排队的人非常多 菜不错 值得推荐 ,Not Mentioned,Negative,Not Mentioned,Not Mentioned,Positive
132,味道不错，排队人多，价格不算贵，挺好,Not Mentioned,Negative,Neutral,Not Mentioned,Positive
136,略贵，海鲜没有想象中做的好，烧烤还行,Not Mentioned,Not Mentioned,Negative,Not Mentioned,Neutral
141,有海鲜有烧烤，味道不错，价格小贵，人均消费100元,Not Mentioned,Not Mentioned,Negative,Not Mentioned,Positive
142,有点贵，可能是因为酒的原因，酒贵,Not Mentioned,Not Mentioned,Negative,Not Mentioned,Not Mentioned
145,海鲜新鲜只是人好多，排队时间长，没有折扣，环境太吵,Not Mentioned,Negative,Negative,Negative,Positive
148,菜品特色，味道也好，价格偏高，等餐有点久,Not Mentioned,Negative,Negative,Not Mentioned,Positive
149,口味真心不错，只不过环境真心是太吵了，服务还有待提升,Not Mentioned,Neutral,Not Mentioned,Negative,Positive
153,感觉很不错，稍微贵一点！但是海鲜很新鲜,Not Mentioned,Not Mentioned,Negative,Not Mentioned,Positive
157,"等位 累 不错 人多 乱
总体还行
",Not Mentioned,Negative,Not Mentioned,Negative,Not Mentioned
162,海鲜烧烤都挺好，周末人超多得排队。,Not Mentioned,Negative,Not Mentioned,Not Mentioned,Positive
167,就是有点贵。还可以。以后有机会还去,Not Mentioned,Not Mentioned,Negative,Not Mentioned,Positive
180,朋友推荐来的，生意超火爆，等了23桌才排上。菜品真是不错，等了那么久  值！,Not Mentioned,Negative,Not Mentioned,Not Mentioned,Positive
182,来过好多次啦！味道不错，外面停车位太少，,Not Mentioned,Negative,Not Mentioned,Not Mentioned,Positive
185,可以的，外地人吃还是可以的，就是不好找,Negative,Not Mentioned,Not Mentioned,Not Mentioned,Positive
186,味道很棒，服务不是很满意，总是找不到人,Not Mentioned,Negative,Not Mentioned,Not Mentioned,Positive
187,菜量小，上菜慢，服务员严重不足，态度不好！,Not Mentioned,Negative,Not Mentioned,Not Mentioned,Negative
190,价格稍贵一点，味道一般化吧，感觉有点实质不如名气，让我不满意的主要在于烤羊肉串有好几个都给我考糊了点，还有那个扇贝感觉没有清洗干净，有挺多黑色杂质的而且太腥了，从来没吃过这么腥的扇贝,Not Mentioned,Not Mentioned,Negative,Negative,Negative
191,涮毛肚不好吃，放辣椒精了，辣到不行，那个辣椒精和正常辣椒的辣不一样味特别难吃，奔着牛舌去的，牛舌也没有以前好吃，也放辣椒了,Not Mentioned,Not Mentioned,Not Mentioned,Not Mentioned,Negative
192,除了价格有些贵，其他方面都挺。,Not Mentioned,Not Mentioned,Negative,Not Mentioned,Not Mentioned
195,还不错！价格还行但也不便宜！OK,Not Mentioned,Not Mentioned,Negative,Not Mentioned,Positive
198,服务一般，等菜时间太长，催好几遍才上。,Not Mentioned,Negative,Not Mentioned,Not Mentioned,Not Mentioned
200,很好吃哦，海鲜很新鲜，我们特地打车过去吃的，就是有点贵呢！,Not Mentioned,Not Mentioned,Negative,Not Mentioned,Positive
201,味道非常好，服务也很不错，就是环境超级吵！！！价钱在同类的里面也是偏贵的，然后说真的，能不在用餐的时候来收盘子么，感觉每次聊着兴头上，就被打断了。。。,Not Mentioned,Positive,Negative,Negative,Positive
207,排队太长，没经验，后来才发现可以电话预约的，菜的口味还是不错的，可惜不是本地人，要不可以经常去,Not Mentioned,Negative,Not Mentioned,Not Mentioned,Positive
214,挺好吃的，位置不怎么好找，人均消费100左右，味道不错，推荐,Negative,Not Mentioned,Neutral,Not Mentioned,Positive
215,价格小贵，没吃啥人均100多了，不过现在也没有什么便宜地方。环境不错，服务很好。,Not Mentioned,Positive,Negative,Positive,Not Mentioned
219,肉串上慢了，估计是上错桌了。楼下女服务员很漂亮，像学生，很不错。总体来说味道不错，性价比也可以、吃到了想吃的海鲜蒸蛋,Not Mentioned,Negative,Positive,Not Mentioned,Positive
222,上菜有点慢，可能是吃饭高峰期的原因，海胆鸡蛋糕好吃，下次尝尝海肠饺子。,Not Mentioned,Negative,Not Mentioned,Not Mentioned,Positive
228,啤酒很有特色，价格蛮贵的，海鲜种类也不是太多，总体还算满意！,Not Mentioned,Not Mentioned,Negative,Not Mentioned,Positive
232,除了有点小贵  其他都可以   味道还不错 ,Not Mentioned,Not Mentioned,Negative,Not Mentioned,Positive
236,上菜太慢了，各种喊各种叫，累死了！吃个饭叫上菜累死了！,Not Mentioned,Negative,Not Mentioned,Not Mentioned,Not Mentioned
238,很不错，味道不错，值得推荐，就是环境稍闹，因为人多，包间还好,Not Mentioned,Not Mentioned,Not Mentioned,Negative,Positive
253,方便面要了半个小时都没给上，问服务员催要有个短头发的女的根本理都不理，喊她就像没听见一样，直接无视，态度极其不好，环境也很嘈杂，说话基本靠喊，鱿鱼特别难吃，价格不太实惠。,Not Mentioned,Negative,Negative,Negative,Negative
261,还可以，就是价格不太实惠呀，比较小贵！,Not Mentioned,Not Mentioned,Negative,Not Mentioned,Positive
273,菜有点咸，价格不算便宜，挺贵的,Not Mentioned,Not Mentioned,Negative,Not Mentioned,Negative
274,还不错吧。人特别多。服务员像聋子一样。喊半天没反应。,Not Mentioned,Negative,Not Mentioned,Not Mentioned,Not Mentioned
275,吃的还蛮好的吧。就是价钱还是有点高。海鲜还是值得推荐,Not Mentioned,Not Mentioned,Negative,Not Mentioned,Positive
277,这是我第二次来了 第一次来的时候是别人请客 那个铁板鲫鱼特别好吃 但是等我清别人来吃的时候太没面子了 那个铁板鲫鱼不知在后厨放了多久 都没有滋滋的声音了 而且味道也不入味 太难吃 还有一个凉菜 太咸了 我口味挺重的连我吃都觉得咸 但是没跟服务员提 总之完全没有第一次去的时候印象好,Not Mentioned,Neutral,Not Mentioned,Not Mentioned,Negative
286,口味不错，价格有点贵，但总体感觉不错。,Not Mentioned,Not Mentioned,Negative,Not Mentioned,Positive
287,就是服务员太少 个别耳朵也不好使,Not Mentioned,Negative,Not Mentioned,Not Mentioned,Not Mentioned
288,首先说口味不错，服务比较差，座位还必须安排，这边打烊了，坐那边，上菜慢，后加的也是特别慢，还有没加上的，着急下班！,Not Mentioned,Negative,Not Mentioned,Not Mentioned,Positive
300,人不是特别多，串的味道很好，海胆味道好赞就是感觉好贵啊，有时间还会来吃,Not Mentioned,Not Mentioned,Negative,Not Mentioned,Positive
302,挺好的总去他家吃，海鲜有点贵。,Not Mentioned,Not Mentioned,Negative,Not Mentioned,Not Mentioned
305,口味还行，就是可能生意太好，人太多，显得乱糟糟的，而且有个左臂刺青的服务员态度特不好，菜上的慢，催了一下，直接让我找领导，什么态度！,Not Mentioned,Negative,Not Mentioned,Negative,Positive
307,很好啊  人特别多  等位置比较难 服务员服务有点差,Not Mentioned,Negative,Not Mentioned,Not Mentioned,Not Mentioned
339,挺好吃的，口味嗯很好 价位也很便宜！去了几次挺满意的，就是服务有点差。 挺好吃的，口味嗯很好 价位也很便宜！去了几次挺满意的，就是服务有点差。 挺好吃的，口味嗯很好 价位也很便宜！去了几次挺满意的，就是服务有点差,Not Mentioned,Negative,Positive,Not Mentioned,Positive
345,服务员态度有待提高，不乐意了啊给我多算一箱酒，ca,Not Mentioned,Negative,Not Mentioned,Not Mentioned,Not Mentioned
346,简直棒棒哒   就是价位有点贵,Not Mentioned,Not Mentioned,Negative,Not Mentioned,Not Mentioned
348,太好吃了。尤其是辣炒皮皮虾。有点微贵，但偶尔吃一次可以。,Not Mentioned,Not Mentioned,Negative,Not Mentioned,Positive
349,不错，小贵，鲍鱼好吃，生蚝一般，烤虾不好吃,Not Mentioned,Not Mentioned,Negative,Not Mentioned,Neutral
357,还行，挺好，价格也不错，就是停车麻烦。,Not Mentioned,Negative,Neutral,Not Mentioned,Not Mentioned
361,味道在大连烧烤届还算是比较好的，就是价格有点贵，其他都好。,Not Mentioned,Not Mentioned,Negative,Not Mentioned,Positive
362,口味还不错，价格偏高，关键是美团用户，不给发票，大家就是冲着你有优惠去的，原价开发票，我不会在别的地方吃啊，霸王条款！,Not Mentioned,Not Mentioned,Negative,Not Mentioned,Positive
372,烤鱼不错，烧烤一般，有点小贵呀,Not Mentioned,Not Mentioned,Negative,Not Mentioned,Neutral
373,味道还好就是可能商家着急了 好好的鱿鱼烤的太过了根本咬不动 其他都还好 点菜的那个女的态度不好,Not Mentioned,Negative,Not Mentioned,Not Mentioned,Neutral
382,包间一进去一股下水道味，建议商家放点空气清新啊！可是跟他家的服务相比这个真的不算什么了。嚯嚯哒。,Not Mentioned,Negative,Not Mentioned,Negative,Not Mentioned
386,海鲜很新鲜，但是价格真的不便宜。,Not Mentioned,Not Mentioned,Negative,Not Mentioned,Positive
387,价格偏贵 味道还可以 中规中矩,Not Mentioned,Not Mentioned,Negative,Not Mentioned,Neutral
388,味道不错，就是贵了点！环境不错！比较有特点！,Not Mentioned,Not Mentioned,Negative,Positive,Positive
389,上菜有点慢，环境可以   味也行。略贵,Not Mentioned,Negative,Negative,Neutral,Positive
392,海鲜够新鲜，呵呵，烧烤味道好，整体环境不错，就是有点小贵哦,Not Mentioned,Not Mentioned,Negative,Positive,Positive
396,上菜太慢了，吃的断断续续的，不爽！,Not Mentioned,Negative,Not Mentioned,Not Mentioned,Negative
404,味道很好，就是人多等的那个焦灼啊。,Not Mentioned,Negative,Not Mentioned,Not Mentioned,Positive
417,除了凉菜，其他都挺一般的，价位还高，就是人多,Not Mentioned,Not Mentioned,Negative,Not Mentioned,Neutral
422,贵!俩人花了五百多…韭菜盒子还不错,Not Mentioned,Not Mentioned,Negative,Not Mentioned,Positive
427,真心不好吃，他家的特色特别不好吃，服务员还告诉我们剩下的回来了炖豆角，看来你很有经验啊，卢沟虾里面都是空的，五个人花了414太不值了,Not Mentioned,Negative,Negative,Not Mentioned,Negative
428,朋友一直在他家吃，味道还不错，有点儿小贵，但是还是喜欢,Not Mentioned,Not Mentioned,Negative,Not Mentioned,Positive
432,味道还不错，稍微有点儿小贵，但是蛮喜欢的,Not Mentioned,Not Mentioned,Negative,Not Mentioned,Positive
452,客人太多，导致环境有些乱，烟多，有些吵，吃的还不错,Not Mentioned,Not Mentioned,Not Mentioned,Negative,Positive
456,味道不错，然后喝酒的气氛也不错！只不过服务没效率，各种喊不来！,Not Mentioned,Negative,Not Mentioned,Positive,Positive
476,特别火的一家店，门口车太多了，停车费劲，口味和价格都比较好,Not Mentioned,Negative,Neutral,Not Mentioned,Positive
484,口味不错，去了很多次，就是人多，声音嘈杂，大厅太乱！,Not Mentioned,Not Mentioned,Not Mentioned,Negative,Positive
485,大连非常有名的海鲜，环境很好，排队的人超级多。,Not Mentioned,Negative,Not Mentioned,Positive,Not Mentioned
489,味道很好，就是团购不给开发票，太low了,Not Mentioned,Not Mentioned,Negative,Not Mentioned,Positive
491,有点小贵 后来才知道本地人都不来的 不过环境还好 装修很有创意 都是酒瓶子 我和老公一起去的 俩人花了好几百,Not Mentioned,Not Mentioned,Negative,Positive,Not Mentioned
506,就是有点咸～咸～咸～不过可能是我不能吃咸的？,Not Mentioned,Not Mentioned,Not Mentioned,Not Mentioned,Negative
517,挺好的，去过好多次了。虽然价位不是很优惠，但是味道喜欢,Not Mentioned,Not Mentioned,Negative,Not Mentioned,Positive
525,这个月来了三次了 ，一如既往，就是服务员态度不好,Not Mentioned,Negative,Not Mentioned,Not Mentioned,Not Mentioned
528,烧烤，海鲜都很棒，高峰期去的上菜速度可以的。唯一让人不太满意的就是，美团券消费的不给开发票，这点挺不合理的,Not Mentioned,Positive,Negative,Not Mentioned,Positive
533,挺好吃的，都来很多次了，虽然价位有点小贵，但是喜欢这里的味道,Not Mentioned,Not Mentioned,Negative,Not Mentioned,Positive
534,结账的时候告诉我酒水特价不能开发票，感觉特别不好，服务员推荐点酒的时候怎么不提前说明呢？,Not Mentioned,Negative,Neutral,Not Mentioned,Not Mentioned
535,价位稍微高了点，但是味道一级棒，就是环境，坐楼下了，楼上没地方，楼下环境一般,Not Mentioned,Not Mentioned,Negative,Neutral,Positive
553,味道真的很一般 不知道靠什么这么火的 服务就不说了 排队吃饭的店 大家应该也明白,Not Mentioned,Negative,Not Mentioned,Not Mentioned,Neutral
557,没到还不错 价格中上 可以去尝一尝,Not Mentioned,Not Mentioned,Negative,Not Mentioned,Positive
566,上菜太慢了，服务员都很呆。唉。,Not Mentioned,Negative,Not Mentioned,Not Mentioned,Not Mentioned
597,总体来说不怎么好，口味一般，菜品量太少了！,Not Mentioned,Not Mentioned,Not Mentioned,Not Mentioned,Negative
601,排队等了两个小时，要普通啤酒给我们拿来了20块钱一瓶的花旦，螃蟹一股子腥味，海胆蒸蛋味道一般，烤牛舌和生蚝比较好吃，点菜的服务员小哥哥很帅声音也很好听，点菜的时候周围环境比较嘈杂，可以看出来他很用心在倾听顾客的点菜需求,Not Mentioned,Neutral,Neutral,Negative,Neutral
603,有点小贵，不过量还是可以的，而且味道不错,Not Mentioned,Not Mentioned,Negative,Not Mentioned,Positive
604,上菜还挺快，海鲜很新鲜味道还不错，不过也不便宜 #蒜蓉蒸扇贝# #生吃海胆# #生蚝# #烤大虾# #黄蚬子#,Not Mentioned,Positive,Negative,Not Mentioned,Positive
607,味道还行 服务简直不能再差了 等位没有凳子坐 等了两个小时 好不容易排到了结果是个没收的桌子 服务员推托什么推车没过来乱七八糟的没及时清理 结果菜来了他居然直接放在没收的桌子上 这是搞笑吗 他忘了桌子都没收吗  后来在催促下才慢吞吞收拾了那一桌的残羹 我们的菜放在一边都凉了 不说菜的贵贱 烤串放凉了谁乐意吃 海胆蒸蛋凉了也恶心啊 真是气不打一处来 最后吃完饭结账更是搞笑 我团的代金券 非在那里一直让我直接美团直接买单 说也有优惠 态度那叫一个恶劣 选择何种支付方式我没有自由吗 真是神奇 本次用餐真的是非常非常失望,Not Mentioned,Negative,Neutral,Negative,Neutral
608,如果说是吃海鲜，我觉得正黄旗太贵，虾爬子一斤129元，说是一斤，谁知道呢，关键没几个饱的，瘪的多，烤的19元大虾一只是冷冻的，也是很贵的，而且烤焦了，上菜的先后顺序是先炒饭，再汤，再蔬菜，再烤虾，再虾爬子，快吃饱时才上海鲜，还想让人好好吃海鲜吗？网上炒翻天，说是忙的要死，要排队，我5:30吃完的时候，还没有全坐满。以为第一红网店就不会挨宰，不可能，虾爬子就是一个案例，以次充好，老板只为赚钱。,Not Mentioned,Negative,Negative,Not Mentioned,Negative
609,好多人推荐 去了 发现真是不咋好吃 性价略低,Not Mentioned,Not Mentioned,Negative,Not Mentioned,Negative
611,黑龙江人一枚，一路上被司机吐槽成东北人，好像他不是似的???看第一排行榜来的这里，果然火的很，幸亏提前早早到了。海鲜个顶个新鲜，份量大，有点小贵，能接受。两个人吃了260，真是有点奢侈，但绝对值得推荐，有机会再来，一定还来这里。#旮瘩汤#烤鲍鱼#蒜蓉扇贝#大生蚝～#芒果汁，必点，推荐！,Not Mentioned,Not Mentioned,Negative,Not Mentioned,Positive
612,去了两次才吃上，第一次被吓坏了，晚上7点多去前边有116桌，先不问好吃不好吃，就这火爆程度也得来，今天去了发现海鲜真的很新鲜，人很多，上菜也还算快，海参做的很好吃，象牙蚌也不错，能吃出原味，鲍鱼、生蚝，个个都很大，价格也跟上来了，5大一小1000块钱，只拍了两张，如果重口味的话可能会觉得很腻，但是懂吃海鲜的人就要吃那个味儿，价格并不是很实惠！,Not Mentioned,Positive,Negative,Not Mentioned,Positive
614,"菜品种类超多，除了服务员服务质量差点以外，其他都很好，海鲜种类也超多，朋友聚会好地方
【口味】",Not Mentioned,Negative,Not Mentioned,Not Mentioned,Positive
616,虽然是本地人，但第一次来品尝，也是网搜，看人气高，就来尝尝。首先进入大厅后领班就比较热情让我们先选座位再点菜。座位选好后开始点菜，有些热菜和凉菜还有主食，点了炒方便面（要求少盐），尝了后还不错，很淡，满意。肉串还行，点的鸡珍一般，里面没有熟透（带红色肉），我就吃了一点，剩了。羊肉串也是，里面有红色肉，没烤透，剩了。辣炒海螺建议放点糖更能提味儿，海螺一个个新鲜，不糊弄。烤鲍鱼推荐不错的，我老公说好次，也新鲜不糊弄。烤牛舌第一次吃，八分熟，还可以吧，没啥味道。我对美食很挑剔，能让我推荐的饭店少，这家可以再来吧，再多说一句，餐桌面的环境一般，太油亮了，胳膊都不能放桌上上，怕油渍沾到袖子上呵呵。,Not Mentioned,Positive,Not Mentioned,Negative,Positive
617,味道不错，就是真心贵啊，点了个大海螺，100多还不会吃，筷子剪刀都上了，还是在营业员小哥的帮助下才完美解决，美团上可以在线排队，很不错，当地人来的也比较多，比较适合来品尝一下。推荐菜美团上都有，照着点喽,Not Mentioned,Neutral,Negative,Not Mentioned,Positive
619,在微博上搜索海鲜推荐最多的就是这家正黄旗海鲜大排档 。挺期待的，带着伙伴前来品尝。地方很好找也显眼 下午四点半到的竟然就有不少人了！点了大家普遍推荐的几款个人感觉蛏王和大海螺最好吃！也最鲜！海胆生吃也不错蛋蒸的就没啥意思了 花了小五百表示没吃饱哈哈,Positive,Not Mentioned,Negative,Not Mentioned,Positive
622,超级好吃，不愧等号一小时，我们，吃完等号的人更多了，里三层外三层，，绝对的墙裂推荐，海胆怎么做的都好吃，牛舌一级赞，，,Not Mentioned,Negative,Not Mentioned,Not Mentioned,Positive
623,吃的人很多，但是味道也就那样吧，略贵，如果嫌排队麻烦，可以去其他海鲜店。,Not Mentioned,Neutral,Negative,Not Mentioned,Neutral
624,还好，就是有点贵，可能是我们吃的东西有点贵吧,Not Mentioned,Not Mentioned,Negative,Not Mentioned,Not Mentioned
625,等了两个小时，没惊喜，海鲜小炒是勾芡的味道很一般。价格贵，但是生吃海胆推荐。,Not Mentioned,Negative,Negative,Not Mentioned,Positive
626,味道很好。就是贵，两个人吃了五百多。 #生蚝# #烤牛舌# #烤鱼籽肠# #清蒸公飞蟹# #疙瘩汤# #辣炒小海鲜#,Not Mentioned,Not Mentioned,Negative,Not Mentioned,Positive
637,为了吃饭排队两个多小时，味道杠杠的，没的说，海鲜新鲜味美，烧烤的恰到好处，新嫩多汁，啤酒也不错，不过真的很贵,Not Mentioned,Negative,Not Mentioned,Not Mentioned,Positive
639,如果不点特别贵的海鲜还是可以生活的 #烤牛舌# #辣炒蚬子# #蒜蓉蒸扇贝# #烤鱼籽肠# #烤大虾#,Not Mentioned,Not Mentioned,Negative,Not Mentioned,Not Mentioned
640,海鲜贵不新鲜，要了一盘炒蚬子一半是空壳，网红店都是炒出来的，垃圾，强烈不推荐大家去,Not Mentioned,Not Mentioned,Negative,Not Mentioned,Negative
641,海鲜很新鲜，味道一级棒!就是等位时间长了些。 #烤牛舌# #生吃海胆# #蒜蓉蒸扇贝# #羊肉串# #椒盐虾爬子#,Not Mentioned,Negative,Not Mentioned,Not Mentioned,Positive
642,味道不错，海鲜也非常新鲜，上菜速度和服务态度都不错，唯一就是价格贵，性价比不高，一分钱一分货嘛！来了就吃个正宗的海鲜烧烤！,Not Mentioned,Positive,Negative,Not Mentioned,Positive
643,我觉得挺贵的，一人吃了200多,Not Mentioned,Not Mentioned,Negative,Not Mentioned,Not Mentioned
645,啥都好，就是贵，炒料有点儿偏咸。 就要了图片上的东西（数量?种类）外加一份招牌海螺水饺 一共550,Not Mentioned,Not Mentioned,Negative,Not Mentioned,Neutral
646,看网上的评价去了这家，在外面玩也没有好好吃饭，知道六点后要排很久的队，所以我们五点多到了。按照网上的推荐点了几个菜。海肠没有买到，服务员说剩下的不好了，可能是忘记给我们点了。所有菜推荐海胆和护心肉。海胆新鲜58元，护心肉很有嚼劲5元。菜品还满意，比普通大排档价格贵，但是味道还可以，价格也是明码的。老板可能比较懂得网络营销。然而不满意的是一位（自以为是吴亦凡的化妆小哥）服务员，我们本来按照红衣服务员的要求，先点菜再坐点完菜，刚坐下，过来一对情侣说这是他们的位置，我们一脸疑惑的看着服务员，情侣说你们点菜了吗？红衣服务员说刚点过，情侣去找了他们自己的点菜员，我去，那个点菜员那叫一个脾气大，站在我们面前说，谁给你点的菜？我们吃饭还得记你们名字吗？我说不知道是哪个。他直接拿对讲机说xxx，过来领走你的点菜的，a9是我的客人的位置，赶快领别桌去。恶心死人，不知道怎么当的点菜员。红衣服务员说，她们俩已经先点过了。按照你们要求点菜，坐下，现在又这语气。本来出来吃饭，也没觉得哪个位置有什么不一样，服务员说让坐哪就坐了，也可以跟别人换一下，但赶人态度让人没胃口。后来红衣服务员一直道歉，总之那个点菜员太无语 #护心肉# #生吃海胆#,Not Mentioned,Negative,Negative,Not Mentioned,Positive
647,菜品味道确实不错，值得推荐，烤串价格不贵，肉品挺实惠，海鲜稍微贵一点，但是好在够新鲜，蒜蓉扇贝特别好吃，各种满足感。烤海肠特别好吃，毛肚锅好吃又实惠，大连干啤好喝，必须尝尝。总体来说味道不错，海鲜稍微贵一点，人均最起码120到150之间。好不好吃从等位就能看出来，等位超多呢！服务员的话，都忙的听不清你说啥，忙的懵懵的，你得大点声吼吼。。,Not Mentioned,Negative,Neutral,Not Mentioned,Positive
656,需要提前打电话约，否则可能排很久队。味道不错，回味起来喜欢烤牛舌和辣炒虾爬子，我们两个人有些点多了，不过最后也都勉强完了。烤鲍鱼不像自己家在壳上用泰椒海鲜酱油，另一种风味。烤生蚝不是那种蒜蓉很浓郁的。海鲜看起来比其他家活泼点，但吃着确实有好有坏，但不影响整体，可以试试！#熏猪手# #烤牛舌# #烤鲍鱼# #辣炒虾爬#,Not Mentioned,Negative,Not Mentioned,Not Mentioned,Positive
666,味道可以，价格有点小贵，真心肺腑,Not Mentioned,Not Mentioned,Negative,Not Mentioned,Positive
668,味道还不错，就是人太多，等太久！,Not Mentioned,Negative,Not Mentioned,Not Mentioned,Positive
676,挺好吃的还会再去 希望服务加强,Not Mentioned,Negative,Not Mentioned,Not Mentioned,Positive
678,口味偏咸，服务还好吧。环境太吵杂,Not Mentioned,Neutral,Not Mentioned,Negative,Neutral
685,去大连旅游在美团上找到的，直接坐车就去了，到了之后我的天，太火爆了，挤不进去，点好菜坐下之后上菜速度可以理解，是饭口，比较慢一些，但是菜品和串真是好吃啊，新鲜不说味道很棒，没有偷工减料的地方，炒海鲜配料都放的很足，连着去了2天，很好吃，不虚此行,Not Mentioned,Negative,Not Mentioned,Not Mentioned,Positive
700,去大连旅游在美团上找到的，直接坐车就去了，到了之后我的天，太火爆了，挤不进去，点好菜坐下之后上菜速度可以理解，是饭口，比较慢一些，但是菜品和串真是好吃啊，新鲜不说味道很棒，没有偷工减料的地方，炒海鲜配料都放的很足，连着去了2天，很好吃，不虚此行啊！！,Not Mentioned,Negative,Not Mentioned,Not Mentioned,Positive
706,口味不错，环境也可以，宽敞明亮，就是你正在吃时，服务人员过来粗鲁的收拾桌子，不太好,Not Mentioned,Negative,Not Mentioned,Positive,Positive
707,吃的不错，就是有个女服务员态度不好，,Not Mentioned,Negative,Not Mentioned,Not Mentioned,Not Mentioned
747,环境不错 不过有点小贵啊 五个人吃了五百多 味道一般 还可以,Not Mentioned,Not Mentioned,Negative,Positive,Neutral
748,口味一般 价格太高 名不符实 不会再去,Not Mentioned,Not Mentioned,Negative,Not Mentioned,Neutral
755,环境还可以！价格有点贵，还是挺方便的，下次还会去！菜量有点小，人多事后排队，海鲜价格个人感觉到还是很贵的，烧烤的价格还是挺大众的，大家可以尝试尝试一下，酒水品种还是挺多的，服务太多停好的就是人多，！！！！,Not Mentioned,Neutral,Negative,Positive,Negative
759,挺贵的，人还不少哦，味道真心一般，但是比较干净,Not Mentioned,Not Mentioned,Negative,Positive,Neutral
766,服务员态度太差，都不知道为什么这么多人去。,Not Mentioned,Negative,Not Mentioned,Not Mentioned,Not Mentioned
769,味道不错 价格适中 唯一不足就是没车位,Not Mentioned,Negative,Neutral,Negative,Positive
776,口味还不错，人不少，消费不低。,Not Mentioned,Not Mentioned,Negative,Not Mentioned,Positive
800,点了不少东西，有菜、海鲜、烧烤，客观来讲烧烤的味道真是不错，尤其是牛舌、鸡胗、鱿鱼。但菜和海鲜始终没上来，孩子吃不了烧烤，只能等炒菜和海鲜，但等了一个小时都没上来，孩子一直在喊饿，最后把没上来的全部退单了，虽然有很多人就餐，还有排队的，但水煮虾爬子一个小时都上不来的确是太夸张了，希望商家能够优化一下，避免不必要的退单，毕竟商家味道弄的还是很不错的，因为速度的问题得不到最高的评价有点不值。,Not Mentioned,Negative,Negative,Not Mentioned,Positive
803,挺不错的，评价很高，环境也非常好，就是价钱着实有些小贵，但是可以按个数去点菜这点还是很不错，省得有些吃不完浪费，海鲜味道也挺好的，总体来说很不错,Not Mentioned,Not Mentioned,Negative,Positive,Positive
805,地方环境还可以，海鲜一般，服务态度我必须好好的说说了，要了5只螃蟹个一斤虾趴子  从我们开始吃饭一直但我们快吃完了才上  催了很多遍，烧烤很咸，结账的时候我们花了425元我要求开发票他们一直再说不开发票送饮料我坚持要开发票他只给我开了380元的发票，我站在那等了很久后来的都结帐了,Not Mentioned,Negative,Neutral,Positive,Neutral
809,想去它家已经很久了，看评价都说不错，但一直没空出时间去，今天正好赶上就去尝尝。它家不但有烧烤类东西还有炒菜，真是与时俱进迎合大众口味呵呵。它家烧烤类东西都不错，烤牛舌很嫩，羊肉串大小串肉不一样但都不错，尤其喜欢烤鱼籽肠真是好吃，麻辣排骨串比较推荐都是脆骨味不错；香炸鱿鱼圈39元好大一盘而且是不带面的炸法很好吃，生炒鸡爪和锦州豆腐皮味道调的都不错；韭菜盒4元一个，真是挺一般里面就是韭菜鸡蛋没有虾仁，不值。它家中午大厅用餐全单79折很合适。,Not Mentioned,Not Mentioned,Negative,Not Mentioned,Positive
811,价格略高于其他大排档，环境挺好，味道也不错,Not Mentioned,Not Mentioned,Negative,Positive,Positive
815,在大连的几天吃的最开心的一顿。等了半天，人真是多啊。味道很好,Not Mentioned,Negative,Not Mentioned,Not Mentioned,Positive
819,和老公带娃吃吃了五张券，看你要吃什么了，我们没吃光打包当夜宵了。主要还是吃了烧烤海鲜为主，虾有点多了。海胆个人觉得还是生吃比较嫩滑，炖蛋没意思，海肠冷伴还不错，就是又贵又少，总体海鲜的价格不便宜，用美团可以接受。,Not Mentioned,Not Mentioned,Negative,Not Mentioned,Positive
823,团了两张不够又团了，海鲜不便宜，去一次要吃个够，就继续团！ 和老公带娃吃吃了五张券，看你要吃什么了，我们没吃光打包当夜宵了。主要还是吃了烧烤海鲜为主，虾有点多了。海胆个人觉得还是生吃比较嫩滑，炖蛋没意思，海肠冷伴还不错，就是又贵又少，总体海鲜的价格不便宜，用美团可以接受。,Not Mentioned,Not Mentioned,Negative,Not Mentioned,Positive
830,感觉就这样，味道还行。。就是地方太小,Not Mentioned,Not Mentioned,Not Mentioned,Negative,Neutral
831,菜品很棒、值得再去拼凑、价位小贵，人均220元！#扇贝# #飞蟹# #海螺# #烤牛舌# #生吃海胆# 这些菜品都very goog！和老公吃的很嗨！特别是烤牛舌、飞蟹，海胆也很好吃、就是有点小！海螺也不错、服务员说我们浪费了、就吃了一半、破解了我们以前吃海螺的误区！,Not Mentioned,Not Mentioned,Negative,Not Mentioned,Positive
840,还行，就是人太多上菜太慢了，比较贵,Not Mentioned,Negative,Not Mentioned,Not Mentioned,Neutral
843,感觉味道还不错，环境也不错，价格在便宜点就好了，,Not Mentioned,Not Mentioned,Negative,Positive,Positive
846,真心贵啊，我和小孩就吃了400元，螃蟹上来时腿全是凉的，只有身上热，问服务员，服务员都不奇怪，直接说螃蟹身不是热吗！然后转身就走了。因为是带着孩子出来玩，想想算了。而且结账时发现和标的价格不一样，因为小孩困了要走，也没细算。希望大家小心点！,Not Mentioned,Neutral,Negative,Not Mentioned,Not Mentioned
847,真心贵啊，我和小孩就吃了400元，螃蟹上来时腿全是凉的，只有身上热，问服务员，服务员都不奇怪，直接说螃蟹身不是热吗！然后转身就走了。因为是带着孩子出来玩，想想算了。而且结账时发现和标的价格不一样，因为小孩困了要走，也没细算。希望大家小心点！,Not Mentioned,Neutral,Negative,Not Mentioned,Not Mentioned
849,到了大连就查了周边的美食，找到了这个店。位置很好找，去的时候人不多，店里有点热，店里装饰很有特色，用酒瓶子当隔断，点了几个推荐菜，上菜有点慢，但是味道都相当不错，特别好吃，第一次用先消费后买单，很方便，有机会去大连还会再去，下次会尝尝生海胆！,Positive,Negative,Not Mentioned,Positive,Positive
858,上菜速度太慢了，点了四个菜等了两个小时才上齐，旁边几桌都等不住走了,Not Mentioned,Negative,Not Mentioned,Not Mentioned,Not Mentioned
859,味道一般，人挺多的感觉有些乱。,Not Mentioned,Not Mentioned,Not Mentioned,Negative,Neutral
864,隔断无静音效果，整个用餐过程比较噪咂，不愧大排档。菜品还不错，海鲜比较新鲜，味道还可以。总体挺满意，就是被点菜的胖子气坏了，我带老婶老叔两个老人去得，老婶墨到一点，我点才是总问点的什么，贵不贵，你个服务员至于这个眼神吗？弄得我老婶不高兴，服务给差评。,Not Mentioned,Negative,Not Mentioned,Negative,Positive
866,不错，烧烤好吃菜品全，价位也不算太高就是没有停车位,Not Mentioned,Negative,Neutral,Not Mentioned,Positive
870,环境不错，口味正宗，就是上菜有些慢，可能顾客多的原因！,Not Mentioned,Negative,Not Mentioned,Positive,Positive
872,菜品除了海鲜不错其他的都一般，环境还可以，装修很特色，服务差到爆表，除了貌似经理的服务不错，其他的都很差，进去以后完全没人管，连个热水都不给倒，两次都一样，好吧，这家店一定不会再去了！,Not Mentioned,Negative,Not Mentioned,Positive,Neutral
874,味道可以 就是人比较多 上菜速度比较慢 其他的还好,Not Mentioned,Negative,Not Mentioned,Not Mentioned,Positive
880,地点挺好找的，就是人多，排了近半个小时，味道还不错，我们两个超能吃，吃了300多,Positive,Negative,Neutral,Not Mentioned,Positive
881,有点贵，关门早，口味一般。环境不错,Not Mentioned,Not Mentioned,Negative,Positive,Neutral
885,真的是很火的一家餐厅，七点半去的排队等位一个半小时，食材很新鲜，口感不错。,Not Mentioned,Negative,Not Mentioned,Not Mentioned,Positive
886,服务太差了，差到爆表，叫服务生买单，居然一脸不屑的说去吧台，我去吧台他反而在后面跟着，吧台买单一点笑容都没有，就像欠他钱一样，太差了，果真是生意好店家就很牛，希望继续保持！,Not Mentioned,Negative,Not Mentioned,Not Mentioned,Not Mentioned
908,真心贵啊，我和小孩就吃了400元，螃蟹上来时腿全是凉的，只有身上热，问服务员，服务员都不奇怪，直接说螃蟹身不是热吗！然后转身就走了。因为是带着孩子出来玩，想想算了。,Not Mentioned,Neutral,Negative,Not Mentioned,Not Mentioned
915,感觉一般。价格偏贵。口味还不错。,Not Mentioned,Not Mentioned,Negative,Not Mentioned,Neutral
923,虽然贵。。但是，好吃。。毕竟是海鲜嘛。。大螃蟹棒棒哒～,Not Mentioned,Not Mentioned,Negative,Not Mentioned,Positive
932,在美团上看的他家，都是好评就去了，结果真的很好吃#海胆蒸蛋# #烤鱿鱼# #扇贝# #烤鸡翅# 这几个我点了，最好吃，希望下次来还会去他家吃，把没吃过的点了，尝尝别的好吃不，还有好多想吃的，价位稍微偏高！,Not Mentioned,Not Mentioned,Negative,Not Mentioned,Positive
935,味道不错，大蛏子贵还不好吃，单只大虾也不咋值,Not Mentioned,Not Mentioned,Negative,Not Mentioned,Neutral
939,排队网上排的还可以，点菜也还行，上个菜真是头一次见这么慢的，半个小时了说你们的菜都是慢的不要着急。七点四十点的菜，快九点了还不上，最后给退了，结账还花了好久，以后应该不来了。。,Not Mentioned,Negative,Not Mentioned,Not Mentioned,Not Mentioned
941,虽然每次去人都很多 但是位置不难等 上菜速度也很快 就是菜太咸了,Positive,Positive,Not Mentioned,Not Mentioned,Negative
943,环境不错，去的早五点就到了，人少还好点完菜就上了！味道很好！就是有点小贵，不过用美团还可以省了好几十块，有机会还会去！,Not Mentioned,Positive,Negative,Positive,Positive
950,菜味不错，海鲜挺新鲜，地方有点吵,Not Mentioned,Not Mentioned,Not Mentioned,Negative,Positive
957,价格偏高了，上菜特别慢，适合朋友喝酒,Not Mentioned,Negative,Negative,Not Mentioned,Not Mentioned
966,店的烧烤还行，店家环境还可以，但是漏水是怎么一回事，新买的衣服都浇湿了，也是没谁啦，吃个虾爬子把手都扎了，不给手套，油红红的，上菜速度也是慢的很，上个盘吃凉了，下一盘还没上，但是又热了一下，服务还可以,Not Mentioned,Negative,Not Mentioned,Positive,Neutral
967,第二次来，菜品很棒，但点菜的服务员一直说点不够，结果剩的特别多！不喜欢这的服务！,Not Mentioned,Negative,Not Mentioned,Not Mentioned,Positive
970,价格略贵，烤大虾也是38元一只，整体较好,Not Mentioned,Not Mentioned,Negative,Not Mentioned,Positive
971,先说说菜品吧，菜品的味道很好，强烈推荐夏夷贝，鬼街牛蛙锅，牛肉串也很好吃，再说说服务，点菜的那个男的那个牛啊，穿的白衣黑裤的也不知道是经理还是什么的，爱答不理的，我说点菜，让我自己先把位子找好，那要你们是干什么的，菜用不用我自己做啊？跟个别的服务员要点餐巾纸，说了5次，答应的挺好就是不拿，后来看见一个类似领班的才给拿的，我真是服了。,Not Mentioned,Negative,Not Mentioned,Not Mentioned,Positive
979,晚上和小伙伴一起去的。牛肉串好难咬,Not Mentioned,Not Mentioned,Not Mentioned,Not Mentioned,Negative
980,价格不便宜 不过味道不赖 牛舌很赞,Not Mentioned,Not Mentioned,Negative,Not Mentioned,Positive
981,排队太慢  菜味道还行  总体不错但是打包带走的菜量明显少很多,Not Mentioned,Negative,Not Mentioned,Not Mentioned,Neutral
982,非常好吃哦，味道很正价格也不贵，羊肉串很好吃，鸦片鱼也不错，最喜欢的是辣炒蛏子～四个人吃了三百多很好，唯一不满意的地方是服务员上菜速度太慢了。。。另外那个杀猪菜也并不好吃还是推荐海鲜和串串，旅游能吃饭这样的海鲜很满意,Not Mentioned,Negative,Positive,Not Mentioned,Positive
985,上菜速度一般，没有停车位，需要找，我们一家饮食比较清淡所以不太适合，没觉得多好吃！,Not Mentioned,Negative,Not Mentioned,Not Mentioned,Neutral
1009,挺好的，人有点多，上菜有点慢，鱼豆腐都点咸，毛豆有点不熟，鱿鱼超级赞，鸡翅很好吃。,Not Mentioned,Negative,Not Mentioned,Not Mentioned,Neutral
1012,点的海鲜，价钱还是很便宜的。就是量很少，人很多。,Not Mentioned,Not Mentioned,Positive,Not Mentioned,Negative
1013,海鲜好吃，尤其是辣炒蚬子，但是就是太难等，点了一盘烤茄子。临着要走人了都没上,Not Mentioned,Negative,Not Mentioned,Not Mentioned,Positive
1017,很好吃，味道很鲜，价格略贵，总体不错,Not Mentioned,Not Mentioned,Negative,Not Mentioned,Positive
1021,其实是比较一般的一家店！！价格也不便宜！,Not Mentioned,Not Mentioned,Negative,Neutral,Neutral
1022,菜品还好！外地人吃得多！价格偏贵！等了2个小时,Not Mentioned,Negative,Negative,Not Mentioned,Positive
1023,有点小贵～但是味道真是赞～用美团买单很省钱,Not Mentioned,Not Mentioned,Negative,Not Mentioned,Positive
1025,服务和口味都不错，但是价格确实比较贵,Not Mentioned,Positive,Negative,Not Mentioned,Positive
1031,越吃越没以前好吃了 上东西也好慢,Not Mentioned,Not Mentioned,Not Mentioned,Not Mentioned,Negative
1034,味道还不错，就是人太多。有点闹,Not Mentioned,Not Mentioned,Not Mentioned,Negative,Positive
1057,菜品还可以，服务员真心让人无语！上错了N次，催单了N次，可能因为人多，忙不过来？反正特别慢…,Not Mentioned,Negative,Not Mentioned,Not Mentioned,Positive
1060,还好吧，菜品小贵，环境在串店里算好的,Not Mentioned,Not Mentioned,Negative,Positive,Not Mentioned
1062,味道不怎么样，上菜还特别慢，服务特别差,Not Mentioned,Negative,Not Mentioned,Not Mentioned,Neutral
1063,要了个毛豆花生都是酸的…换了一次感觉就像洗了的。还那么贵。再也不去了,Not Mentioned,Not Mentioned,Negative,Negative,Negative
1065,菜很好吃，就是上菜速度太慢了，够辣！,Not Mentioned,Negative,Not Mentioned,Not Mentioned,Positive
1071,价格略贵，烤的串还不错。一个大排档做成这种规模也是蛮厉害的,Not Mentioned,Not Mentioned,Negative,Neutral,Positive
1077,名气大，味道不怎么样，价格贵！,Not Mentioned,Not Mentioned,Negative,Not Mentioned,Negative
1079,经常去的一家店，大串味道好但感觉比以前小了，海鲜也不错，,Not Mentioned,Not Mentioned,Not Mentioned,Negative,Neutral
1080,非常差 吃出一根头发 还说我自己掉的 经理态度非常恶劣 下次再也不去了 欺负外地人 差差差！！！,Not Mentioned,Negative,Not Mentioned,Negative,Not Mentioned
1081,菜有点贵 速度还好 味道还行吧,Not Mentioned,Positive,Negative,Not Mentioned,Neutral
1090,还行，有点小贵，还行吧，上菜快,Not Mentioned,Positive,Negative,Not Mentioned,Not Mentioned
1094,还可以吧，有点贵，但是蛮新鲜的,Not Mentioned,Not Mentioned,Negative,Not Mentioned,Positive
1103,菜品挺好吃，真心贵，没办法。。吃都吃了,Not Mentioned,Not Mentioned,Negative,Not Mentioned,Positive
1107,菜的味道还是蛮好的，海鲜烧烤很地道，人多上菜比较慢，去晚了需要等位，可以提前订座，推荐菜品蒜蓉生蚝、夏威夷贝、烤虾、猪蹄，都不错。,Not Mentioned,Negative,Not Mentioned,Not Mentioned,Positive
1118,人挺多的，上菜速度有点慢，吃完了还有一个海参和串没上，串退了，经理还说你这退了不合适，你再来一个加多宝，正好团三张券，哈哈哈,Not Mentioned,Negative,Neutral,Not Mentioned,Not Mentioned
1125,菜量太少了！而且羊肉串不怎么样！,Not Mentioned,Not Mentioned,Not Mentioned,Not Mentioned,Negative
1127,"晚上10,30去的，点的水爆肚，老的都咬不动，太难吃了",Not Mentioned,Not Mentioned,Not Mentioned,Not Mentioned,Negative
1143,这家店生意老火了，等了大概40分钟才等到座，菜的味道还可以，值得一去,Not Mentioned,Negative,Not Mentioned,Not Mentioned,Positive
1144,来大连旅游去的一家：很火的一家店，排了一个小时才到！ 推荐麻辣小海鲜，手撕饼,Not Mentioned,Negative,Not Mentioned,Not Mentioned,Positive
1145,挺好的。就是上菜太慢了。催了好几次。,Not Mentioned,Negative,Not Mentioned,Not Mentioned,Not Mentioned
1147,吃海鲜不错的地方，烤鲍鱼和生吃海胆超赞，飞蟹挺肥的，辣炒蚬子咸了。在就是空调不给力，大热天有点遭罪。前台收钱的是老板娘吗，感觉对顾客不够热情，有点凶。总体上还真是不错，还会再去。,Not Mentioned,Negative,Not Mentioned,Negative,Positive
1150,上菜太慢！等了一个小时才吃上第一道菜！估计服务人员给忘了，但是催了三遍都没人给问一句，后来我急了，跟服务人员嚷了一顿才给上菜！太不专业了但凭良心说味道还是不错的,Not Mentioned,Negative,Not Mentioned,Not Mentioned,Positive
1155,味道可以，不过价格的确不便宜，波龙的味道略微有点失望！,Not Mentioned,Not Mentioned,Negative,Not Mentioned,Neutral
1156,不知这家为什么那么多人，大概都是外地游客吧，从门口路过总有那么多等桌的，冲人气去的结果大失所望，和儿子一共点了两个菜，先上了米饭，等了半小时才上一个菜，又等了半个多小时还在反复的催促下才把那个菜上来，结果儿子都不吃了，海鲜做的味道也太一般了，硬着头皮吃下去的,Not Mentioned,Negative,Not Mentioned,Not Mentioned,Neutral
1157,人超级多，排队大概2小时,Not Mentioned,Negative,Not Mentioned,Not Mentioned,Not Mentioned
1160,非常好吃，不过就是有点小贵啊。,Not Mentioned,Not Mentioned,Negative,Not Mentioned,Positive
1162,味道正宗，不错！鲍鱼，扇贝，海参……都吃了，推荐，除了价格高，别的没毛病,Not Mentioned,Not Mentioned,Negative,Not Mentioned,Positive
1168,上一次三个人吃了624  这次337，本来第一次感觉味道还可以，但是第二次，螃蟹端上来都是凉的，服务员喊半天不理，打包也是自己动手，水没有人换，排骨也烤的不软。。。。。差评,Not Mentioned,Negative,Neutral,Not Mentioned,Negative
1172,价格很贵，上菜特慢，口味一般，性价比太低,Not Mentioned,Negative,Negative,Not Mentioned,Neutral
1173,菜品还可以就是服务有点差，一个座位调来调去，要个牙签很久才拿,Not Mentioned,Negative,Not Mentioned,Negative,Positive
1176,贵，咸，服务员服务态度还是不错的，前面接待的男服务一般，各种推荐贵的菜,Not Mentioned,Positive,Negative,Not Mentioned,Neutral
1177,味道还可以，但是等位时间超长，价格贵，没见的怎么好吃，味重，略咸，没有去第二次的想法,Not Mentioned,Negative,Negative,Not Mentioned,Neutral
1181,服务员比较冷漠  但是生海胆真的一生推  海鲜特别新鲜 蒜蓉扇贝也很好吃 #生吃海胆#,Not Mentioned,Negative,Not Mentioned,Not Mentioned,Positive
1182,"其实味道还不错，就是太贵了，吃完还得找个地方再吃点，很多人排队
【等位】",Not Mentioned,Neutral,Negative,Not Mentioned,Positive
1184,服务不怎么样！要壶水反复叫了七八遍！,Not Mentioned,Negative,Not Mentioned,Not Mentioned,Not Mentioned
1185,价格太贵了 性价比太低 真心不值当,Not Mentioned,Not Mentioned,Negative,Not Mentioned,Not Mentioned
1186,上错菜不说 很难吃 烤鱿鱼不熟 凉的性价比太低 不知道大众点评高分怎么刷的 吃的最糟心的一餐,Not Mentioned,Not Mentioned,Negative,Not Mentioned,Negative
1187,服务差，海鲜不新鲜，看时都是新鲜的，等做好了就不是了，价格特贵,Not Mentioned,Negative,Negative,Not Mentioned,Negative
1188,人太多了，点菜不尽人意，服务OK,Not Mentioned,Negative,Not Mentioned,Not Mentioned,Not Mentioned
1189,味道真心不怎么样，就是看到好多人推荐，结果跑了好几公里去排队，海鲜还不新鲜海胆都有发臭的坏了还送上来，价格还很贵，味道不如小店的,Not Mentioned,Neutral,Negative,Negative,Negative
1193,特意慕名而去，环境一般，生意火爆。海胆味道不错，值得推荐，大虾糊了，护心肉等味道太清淡，总体性价比不高。,Not Mentioned,Not Mentioned,Negative,Neutral,Positive
1196,烧烤味道不错，价格不便宜，有的好吃，有的味道一般。,Not Mentioned,Not Mentioned,Negative,Not Mentioned,Neutral
1200,"没有想象中那么好，菜都快吃完了，大蟹才上来，没有蟹黄，比较失望，海鲜上来都凉了，以后选择实惠经济酒店！
【环境】还行",Not Mentioned,Negative,Neutral,Neutral,Neutral
1204,口味不错的，也许是客人比较多，每次加菜之后或是要东西什么的都得要四五便，才能送来，还有就是这个季节，店里实在是太热了，一席饭下来，身上都是汗啊。,Not Mentioned,Negative,Not Mentioned,Negative,Positive
1207,个别菜有些贵，但是味道都非常不错，海鲜个头很大。上菜速度也很快，值得一去,Not Mentioned,Positive,Negative,Not Mentioned,Positive
1209,很满意的一次团购，就是速度慢，就是因为太火了。,Not Mentioned,Negative,Neutral,Not Mentioned,Not Mentioned
1215,人很多，值得去，人多上菜有点慢,Not Mentioned,Negative,Not Mentioned,Not Mentioned,Not Mentioned
1217,口味一般，由于人多上菜慢，但烧烤这么实惠的真不多,Not Mentioned,Negative,Positive,Not Mentioned,Neutral
1221,都很好吃，虽然价位不是很便宜，但是东西的味道蛮不错的，在这里定了好多次了，超级喜欢,Not Mentioned,Not Mentioned,Negative,Not Mentioned,Positive
1226,人多 小贵 味道好 海鲜很新鲜,Not Mentioned,Not Mentioned,Negative,Not Mentioned,Positive
1227,牛舌好吃就是夏天空调不给力，守着炉子热死，不用炉子凉了不好吃。,Not Mentioned,Not Mentioned,Not Mentioned,Negative,Neutral
1229,人很多、太杂了、主要服务员经理推荐螃蟹说肥…但是却又贵又小、被忽悠了、不去了,Not Mentioned,Negative,Negative,Not Mentioned,Not Mentioned
1230,之前去过正红旗家的，感觉味道还不错，这回过来感觉烤出的串好咸好咸，要的海胆和黄蚬子也不太新鲜，枉费我们排了那么久的队，服务员个个忙，要啥都是答应了就没影了！感觉不会再去了,Not Mentioned,Negative,Not Mentioned,Not Mentioned,Negative
1231,还行吧，就是人太多要排很久才有位置。,Not Mentioned,Negative,Not Mentioned,Not Mentioned,Not Mentioned
1232,味道不错，上菜太慢！第一个菜二十分钟后才上来，第二个菜在第一个菜的二十五分钟后才上，结果第二个菜大家伙都没敢吃，就等着下边的菜一起到齐才开吃，服务态度也不好，让催下菜根本没人理，挺差劲的,Not Mentioned,Negative,Not Mentioned,Not Mentioned,Positive
1233,偏咸，最重要的是实在太慢，等位和上菜等待的时间太长,Not Mentioned,Negative,Not Mentioned,Not Mentioned,Neutral
1237,环境非常好，味道也好，有点小贵。,Not Mentioned,Not Mentioned,Negative,Positive,Positive
1238,菜品可以，服务很忙，不是和周到，菜码还可以。不便宜,Not Mentioned,Negative,Negative,Not Mentioned,Positive
1255,价位略高！,Not Mentioned,Not Mentioned,Negative,Not Mentioned,Not Mentioned
1256,菜品非常好，好多特色菜，少有一点点贵，环境好，服务业态度也不错，他家太火了，来吃饭不想排队都得晚上九十点再来,Not Mentioned,Positive,Negative,Positive,Positive
1276,哎呀 一般 好吃 点的 有点 贵 希望改进下,Not Mentioned,Not Mentioned,Negative,Not Mentioned,Neutral
1280,主要点了海鲜，吃了很多，自己点的多了，价钱也挺贵的。,Not Mentioned,Not Mentioned,Negative,Not Mentioned,Not Mentioned
1288,只能说一般吧，价钱蛮贵的，烧烤的量真的是很少。。#烤牛舌# #手撕饼# #海胆蒸蛋#,Not Mentioned,Not Mentioned,Negative,Not Mentioned,Negative
1292,海鲜做的一般又贵。肉串很好吃。牛舌好吃极了，牛肉串也合算够大。,Not Mentioned,Not Mentioned,Negative,Not Mentioned,Positive
1295,还可以，人均100，不便宜吧。,Not Mentioned,Not Mentioned,Negative,Not Mentioned,Neutral
1297,来过几次，还可以，就是停车位太少了,Not Mentioned,Negative,Not Mentioned,Not Mentioned,Not Mentioned
1300,口重的人吃还可以，对我来说太咸了，上菜速度略慢啊！,Not Mentioned,Negative,Not Mentioned,Not Mentioned,Neutral
1303,烧的很不错，就是人太多，服务员明显不够,Not Mentioned,Negative,Not Mentioned,Not Mentioned,Not Mentioned
1304,聚会经常去。味道可以。就是地下包间特别潮,Not Mentioned,Not Mentioned,Not Mentioned,Negative,Positive
1308,服务有点跟不上 手机没有一点信号 去完一次根本不敢再去,Not Mentioned,Negative,Not Mentioned,Not Mentioned,Not Mentioned
1312,海鲜一般又贵，肉串好吃。推荐牛肉和牛舌都好吃。,Not Mentioned,Not Mentioned,Negative,Not Mentioned,Positive
1316,海鲜比较平价，六点多到的排队大概半个小时,Not Mentioned,Negative,Neutral,Not Mentioned,Not Mentioned
1318,还好吧，但是人很多有点乱套。地下厕所味道很大。,Not Mentioned,Not Mentioned,Not Mentioned,Negative,Not Mentioned
1319,排队的人很多，但是菜真的有点贵，味道还可以,Not Mentioned,Neutral,Negative,Not Mentioned,Positive
1322,这个上菜速度太慢了，我和朋友都吃完了菜还没上，最后只能打包,Not Mentioned,Negative,Not Mentioned,Not Mentioned,Not Mentioned
1323,人多，有点小贵，有点乱，其余还可以，味道不错！,Not Mentioned,Not Mentioned,Negative,Negative,Positive
1324,菜的口味很不错，只是服务态度真心不咋滴。菜端来好久都不上桌，直接冷点。需要改进。,Not Mentioned,Negative,Not Mentioned,Not Mentioned,Positive
1328,还不错，就是护心肉什么太硬了咬不动并不推荐，其他的还挺好,Not Mentioned,Not Mentioned,Not Mentioned,Not Mentioned,Negative
1331,味道超级棒，就是太贵。位置很好找。玉米是最好吃的,Positive,Not Mentioned,Negative,Not Mentioned,Positive
1332,离公司比较近，这次15个人吃，这次鱼有味道了，经理尝了下，果断给退了，也没说什么，也许因为天气原因吧，串也臭了点，不爱找了，麻烦，就是这么情况，一般,Not Mentioned,Neutral,Not Mentioned,Negative,Neutral
1334,偏的有点小贵，饭菜质量很好。人太多了，都排队！,Not Mentioned,Negative,Negative,Not Mentioned,Positive
1349,去晚没地方停车，夏季烧烤旺季，人多很吵，服务员忙不过来，菜品味道还不错。#青虾# #海胆蒸蛋# #烤鸡翅# #心管炖鲍鱼#,Not Mentioned,Negative,Not Mentioned,Negative,Positive
1350,在网上搜索到这家正红旗海鲜烧烤大排档 气氛很好 整个墙面是用啤酒瓶摆起来的 海鲜价格只能说不贵 烤串价格挺实惠的 在大连想吃正宗的海鲜大排档感觉有一点难 找了许久都没找到 最后选择了这家 没有让我失望,Negative,Not Mentioned,Positive,Positive,Not Mentioned
1354,我们是2个人感觉服务员态度不怎么好，可能因为我门人少！,Not Mentioned,Negative,Not Mentioned,Not Mentioned,Not Mentioned
1360,中午七九折比团卷还合适哦，晚上排号，人超多,Not Mentioned,Negative,Positive,Not Mentioned,Not Mentioned
1362,小串味道很正宗，大串不喜欢吃，东西不贵，因为地下感觉挺脏的，不过一楼等位的非常多，5:00去的人少,Not Mentioned,Neutral,Neutral,Negative,Neutral
1370,第一次跟同学去大连毕业旅行，到住的地方后就开始搜好吃的，还必须是海鲜，还必须不能太贵，这家的好评太多了，果断来了，确实人多啊，点菜等了20分钟才点上，没白等，好吃到爆，我们四个点了600，用团购券相当于480，还行，吃了很多，有的自助里都不能带的，推荐烧烤吃排虾 烤肉要小串的 鸡爪 护心肉都不错，#黄蚬子# #烤鱿鱼# #烤护心肉# #烤黄鱼 # #辣炒虾爬# 这些是我们几个都喜欢的，然后海蛎也不错，我们每人吃了两个，大补啊，哈哈 喝了大连干啤，挺有特色,Not Mentioned,Negative,Neutral,Not Mentioned,Positive
1376,说实话味道一般，没有沈阳的好吃，而且价位偏贵,Not Mentioned,Not Mentioned,Negative,Not Mentioned,Neutral
1377,菜品差，服务态度一般，环境一般,Not Mentioned,Neutral,Not Mentioned,Neutral,Negative
1385,味道还可以的、价格不便宜啊！！,Not Mentioned,Not Mentioned,Negative,Not Mentioned,Positive
1387,整体还不错，生蚝有点儿小贵，扇贝不错,Not Mentioned,Not Mentioned,Negative,Not Mentioned,Positive
1388,烧烤味非常好，只是人多的时候服务跟不上，等着清台，等了快十分钟,Not Mentioned,Negative,Not Mentioned,Not Mentioned,Positive
1395,海鲜很新鲜 价格优惠后也是很划算的 环境有点吵,Not Mentioned,Not Mentioned,Positive,Negative,Positive
1404,海鲜不错，就是空调不太好，店里太热了！望改进,Not Mentioned,Not Mentioned,Not Mentioned,Negative,Not Mentioned
1419,价格和实惠，口感很一般！可能由于人太多，服务员上错菜，估计这样有过不少损失呢！,Not Mentioned,Negative,Positive,Not Mentioned,Neutral
1423,还可以，就是价格有点贵，环境有点吵,Not Mentioned,Not Mentioned,Negative,Negative,Positive
1424,人很多，有点吵，菜品还不错，上菜有点慢,Not Mentioned,Negative,Not Mentioned,Negative,Positive
1425,服务还不错，不过地上有水，很滑。,Not Mentioned,Positive,Not Mentioned,Negative,Not Mentioned
1432,菜品有特色，护心肉爱吃，羊排也好，海鲜新鲜但小贵。,Not Mentioned,Not Mentioned,Negative,Not Mentioned,Positive
1434,非常好！推荐想吃海鲜的外地游客可以去试一试！就是人太多，需要排队哦,Not Mentioned,Negative,Not Mentioned,Not Mentioned,Not Mentioned
1438,菜味道很好！但人太多，又不能订座，菜上太慢！,Not Mentioned,Negative,Not Mentioned,Not Mentioned,Positive
1443,大串明显缩水了，店家可以涨价啊，为什么把串弄的那么小呢？客人不多但上菜速度特别慢，反复催促很多遍，还是管理方面不到位，其他都一般吧,Not Mentioned,Negative,Not Mentioned,Negative,Negative
1445,服务不错，味道，挺好的，就是就算菜价稍微有点贵了。会翻页等20上菜比较慢，爱，为,Not Mentioned,Neutral,Negative,Not Mentioned,Positive
1451,美团有直接结账的功能，可是饭店只让用十张券，很不合理。,Not Mentioned,Not Mentioned,Negative,Not Mentioned,Not Mentioned
1460,前天看到网上说这里味道好，我到大连出差，就专门从机场打的过来吃，的确还不错。今天我离开大连，也来这里吃一顿，谁知虾子很不新鲜，像死的，虾头虾身子只有一层快要断的皮连着，虾肉也一点弹性都没有，虾子还很脏，貌似没有洗过。鲍鱼也是很难吃，我不知道是不是新鲜的。我和老婆好失望，没有吃完就走了，这可是我妈妈专门打的半个小时专程来吃的，太失望了，下次来大连我不会再来这家店吃。。。,Not Mentioned,Not Mentioned,Not Mentioned,Negative,Negative
1467,感觉味道还不错。环境比较嘈杂。,Not Mentioned,Not Mentioned,Not Mentioned,Negative,Positive
1470,不值，网上吹的神乎其神，实际很一般，海鲜也并不便宜，也许是因为我本身就住在海边吧！口味真的很一般，不知道为何会有如此高的评价,Not Mentioned,Not Mentioned,Negative,Not Mentioned,Neutral
1475,菜还不错，就是人多，上的有点慢，别的还可以，下次有机会还去,Not Mentioned,Negative,Not Mentioned,Not Mentioned,Positive
1482,味道不好感觉上当被骗了，来大连的第一次海鲜大餐，跟男朋友吃的想吐，环境挺好的，我们点了188的菜，浪费了一百块钱的菜，真的很难吃。,Not Mentioned,Not Mentioned,Neutral,Positive,Negative
1484,烤串，海鲜，炒菜，味道上来说还可以，但服务员比较混乱，我站在点菜出很长时间没有人理我，点了一个母飞蟹，鲍鱼，鱿鱼，海胆，味道还可以，但虾耙子可真的不好，肉质不新鲜，两个人总共消费400元！,Not Mentioned,Negative,Neutral,Not Mentioned,Neutral
1492,够辣  速度真慢啊  40多分钟才串两个鱼豆腐,Not Mentioned,Negative,Not Mentioned,Not Mentioned,Not Mentioned
1493,不错，味道挺好的，人特别多，排了老长时间,Not Mentioned,Negative,Not Mentioned,Not Mentioned,Positive
1496,价格合理，味道也还行，闷子上的有点晚，烤串儿小份儿，味道可以。,Not Mentioned,Negative,Neutral,Not Mentioned,Neutral
1500,没啥特点 不过 也算可以 人不少 价格偏高,Not Mentioned,Not Mentioned,Negative,Neutral,Neutral
1513,烤辣椒简直要辣死了，麻辣涮肚一般吧，烤串不错，旁边涮肚的电磁炉还坏了。。。烤茄子一般，烤韭菜还行，其他都一般，没什么特色的感觉。去的时间不是饭点，人也不多，服务员服务不好，有几个小孩闹腾，环境一般，台也不太干净，没想象的好。,Not Mentioned,Negative,Not Mentioned,Negative,Neutral
1517,菜品味道还可以，价位一般海鲜挺贵的，有点和大饭店差不多，总得来说性价比一般，要是想吃海鲜，就别去了，其他还好。,Not Mentioned,Not Mentioned,Negative,Not Mentioned,Positive
1529,菜不错.就是服务员态度奇差。把我女朋友都骂哭了.从来没见过这么差的服务。一顿饭没吃完就被气跑了。经理一直在说是我们态度不好，但不做任何处理。这家饭店绝不会再去第二次，店大客少也不是没有原因的。虽然和紫航是一家老板，但是服务质量简直没法比。各位想买团购的可以去试试，一顿烧烤配上服务员的白眼另有一番滋味。哦对了，我们在和经理讲话的时候，旁边一男服务员瞅着我女朋友说你吃枪药啦？如同黑社会，简直可怕。,Not Mentioned,Negative,Not Mentioned,Not Mentioned,Positive
1543,真是太值得推荐了，怪不得等这么长时间才有位置。值了，真的是很好吃,Not Mentioned,Negative,Not Mentioned,Not Mentioned,Not Mentioned
1544,位置好找，上菜速度可以，特意点了网上推荐的护心肉，吃完再不想吃第二次了，而且价位偏高,Positive,Positive,Negative,Not Mentioned,Not Mentioned
1546,挺好吃的   烧烤东西很不错 茄子和牛舌赞一个 还要了斤皮皮虾 80元一斤 贵阿  那个麻辣小海鲜都是贝类 好吃但也没必要点 还点了上汤娃娃菜 里面是带松花蛋的 感觉不是很喜欢 鲜味没了  男票肚子饿点了疙瘩汤  16元… 跪了 好大一盆,Not Mentioned,Not Mentioned,Negative,Not Mentioned,Positive
1548,今天吃的海胆非常好，就是有点小贵，两个人花了，最近300块钱。,Not Mentioned,Not Mentioned,Negative,Not Mentioned,Positive
1550,人特别多，上菜速度挺慢的，服务也不怎么样，但是菜还是可以的,Not Mentioned,Negative,Not Mentioned,Not Mentioned,Positive
1551,菜品很好！虾趴着这个时候也很肥，就是菜上的有点慢，他家人太多了！,Not Mentioned,Negative,Not Mentioned,Not Mentioned,Positive
1560,生意太火爆了，排队等了好久……,Not Mentioned,Negative,Not Mentioned,Not Mentioned,Not Mentioned
1561,口味比较重，而且服务态度也跟不上,Not Mentioned,Negative,Not Mentioned,Not Mentioned,Neutral
1562,护心肉好吃，还有鸡翅，小串，土豆丝推荐刀功一流味道不错，烤茄子酸不要在烤制的时候放，有一种过火糊蒜的味道。上你我妈说你们这还有青岛啤酒大罐的，今天朋友都不喝酒就没有点，下次的来尝尝，估计外面没有卖的。环境挺有意思的都是啤酒瓶子堆的隔断，价钱合理，我们刚好吃得挺饱的，期待下一次我们同学聚会还可以到这里来，就是没有车位，有点尴尬满意，总体值得推荐的一家串店！,Not Mentioned,Negative,Neutral,Positive,Positive
1568,口味比较重，而且服务也跟不上。,Not Mentioned,Negative,Not Mentioned,Not Mentioned,Neutral
1574,上菜太慢，尤其加热烤串，时间拖了好久才上，说是厨师没时间，差差差,Not Mentioned,Negative,Not Mentioned,Not Mentioned,Not Mentioned
1576,口味好吃，无可挑剔。推荐烤扇贝，螃蟹，海胆。海肠个人觉得口味不喜欢，爆炒虾，太油了。最不满意的是美团的店里付，什么东东，没有或者不能提前说明的，最后节不了账，享受不了优惠。。。,Not Mentioned,Not Mentioned,Negative,Not Mentioned,Positive
1579,第二次来了，味道一如既往的好，美中不足服务质量差点,Not Mentioned,Negative,Not Mentioned,Not Mentioned,Positive
1605,不明白为什么那么多人说好 我很少吐槽但是不得不了这次 首先去的时候就找不到服务员点菜 然后我坐在楼下 没有炭 烤串上来后是凉的 烤串上也不放孜然辣椒粉什么了 单纯就是肉。再说烤一串的虾 是想咸死谁还是怎样 上面撒的是大粒大粒的海盐吗？这是我吃的最差的一次烧烤 没有之一 不会再去了,Not Mentioned,Negative,Not Mentioned,Not Mentioned,Negative
1610,经常去，菜品可以，价钱挺贵啊，坏境也行，就是经理人不咋地小气，去吃饭找他o点的菜，菜点从了，他也不说，还o上，都没吃让他退还不o退。。,Not Mentioned,Negative,Negative,Neutral,Positive
1614,位置挺好的，口味也不错，就是上菜速度太慢了,Positive,Negative,Not Mentioned,Positive,Positive
1617,好，还不错，味道好，就是稍微有点贵了一点,Not Mentioned,Not Mentioned,Negative,Not Mentioned,Positive
1618,好，味道好，服务好，就是有点稍微贵了一点,Not Mentioned,Positive,Negative,Not Mentioned,Positive
1622,周末带家人玩完了回来吃饭的，四个大人，一个小孩，点了一些串和炒菜，都吃饱了，还打包了菜，消费基本属于中等，比较推荐的是小串和干煸蝉蛹，本来点的辣炒虾爬子，结果服务员没点上，白等了老半天，整体结果还行，64比较合适,Not Mentioned,Negative,Neutral,Not Mentioned,Positive
1623,口味还可以，最起码是大的烧烤店，能让人放心的吃。价钱不是太平民，但还是会选择它家的烧烤,Not Mentioned,Not Mentioned,Negative,Positive,Positive
1625,生蚝很好，就是有点贵！海胆也不错！,Not Mentioned,Not Mentioned,Negative,Not Mentioned,Positive
1635,所有的串都太咸了！！喊服务员老半天才过来！也再不想去了！,Not Mentioned,Negative,Not Mentioned,Not Mentioned,Negative
1638,人比较多，一层没位置，去的地下，没有排风口，空间小，客户抽烟也无人制止，烟味混着烧烤味和着空气中的霉味。点了新品牛蛙，一个多小时后才上，汤味很棒，牛蛙切得太碎还没去蛙皮！,Not Mentioned,Negative,Not Mentioned,Negative,Positive
1641,还不错哦～飞蟹 扇贝还有鱼子肠都好好吃  不过服务态度不是很好  等了一会呢～,Not Mentioned,Negative,Not Mentioned,Not Mentioned,Positive
1652,味道一般，上菜太慢，等了快一个小时才上来,Not Mentioned,Negative,Not Mentioned,Not Mentioned,Neutral
1655,肉串价位合适，海鲜小贵，适合朋友小聚撸串。,Not Mentioned,Not Mentioned,Negative,Not Mentioned,Not Mentioned
1657,挺好的，就是大排档有点吵！菜的味道不错～好多人！,Not Mentioned,Not Mentioned,Not Mentioned,Negative,Positive
1660,一般吧，上菜太慢，等了快一个小时都没上菜,Not Mentioned,Negative,Not Mentioned,Not Mentioned,Not Mentioned
1665,价格偏贵，味道还行，海胆很好吃,Not Mentioned,Not Mentioned,Negative,Not Mentioned,Positive
1666,三人消费296元。菜品偏咸，烤茄子特别咸。糖醋大黄花不是49元，就剩一条了，1.3斤64元，不好吃。象拔蚌一般，红烧肉味道尚可，就是太咸。服务基本靠自助，建议菜品淡些，服务员多进行培训。苦菊双脆里面基本都是苦菊，鲜见蛰头。猪蹄都没有阿满食品的好吃,Not Mentioned,Neutral,Negative,Not Mentioned,Neutral
1667,味道很好 海鲜很新鲜 大连的海胆果然很大 就是上菜速度有点慢,Not Mentioned,Negative,Not Mentioned,Not Mentioned,Positive
1669,涨价了，服务越来越差，上菜速度慢。,Not Mentioned,Negative,Negative,Not Mentioned,Not Mentioned
1671,生吃海胆非常好持，价格有点小贵,Not Mentioned,Not Mentioned,Negative,Not Mentioned,Not Mentioned
1678,菜量很足，就是人太多，上菜速度有点慢,Not Mentioned,Negative,Not Mentioned,Not Mentioned,Positive
1681,口味很不错，就是来吃饭的人太多要排队，太废神，不过还好，老婆最后还是很满意,Not Mentioned,Negative,Not Mentioned,Not Mentioned,Positive
1683,正红旗菜品便宜，好吃不贵，量大，就是排队的时间长,Not Mentioned,Negative,Positive,Not Mentioned,Positive
1690,个别菜上的慢 好在味道不错 总体而言推荐品尝,Not Mentioned,Negative,Not Mentioned,Not Mentioned,Positive
1691,有团购就很合适 没有就很贵 前两天看还是79一张 昨天就变成85一张了 不合适了 东西少 味道还行吧 没有吃出评价里面评价那么好的味道,Not Mentioned,Not Mentioned,Negative,Not Mentioned,Negative
1696,价钱合适，味道还不错，环境有点吵闹,Not Mentioned,Not Mentioned,Neutral,Negative,Positive
1699,不知道是不是去晚了，量偏少，总体还行吧,Not Mentioned,Not Mentioned,Not Mentioned,Not Mentioned,Negative
1700,菜口味不错，五一人太多了，海鲜涨价了，有的烧烤也没有了，不过整体很好,Not Mentioned,Not Mentioned,Negative,Not Mentioned,Positive
1701,略贵，好吃,Not Mentioned,Not Mentioned,Negative,Not Mentioned,Positive
1703,人很多很嘈杂 价涨得很快....,Not Mentioned,Not Mentioned,Neutral,Negative,Not Mentioned
1704,性价比不高，口味一般，价格真的贵！！！,Not Mentioned,Not Mentioned,Negative,Not Mentioned,Neutral
1706,排好久队，味道的确可以，生蚝不是蒜蓉，很鲜！牛肉串很喜欢！,Not Mentioned,Negative,Not Mentioned,Not Mentioned,Positive
1710,贵得没有道理，菜品很难吃，给我安排的位置很差，菜很快就吹凉了,Not Mentioned,Negative,Negative,Negative,Negative
1711,肉类的有点偏咸，后悔没点高价海鲜，有机会再来。十几元一排的虾不要点，一个人吃猪脚有点腻。,Not Mentioned,Not Mentioned,Neutral,Not Mentioned,Negative
1712,今天刚吃的，是不是因为全点海鲜的缘故，价格有点高，这个季节点螃蟹不好公的，护心肉很好吃可以点，炖鲍鱼也很好吃，如果全点海鲜希望有个心里准备。 #烤护心肉# #心管炖鲍鱼#,Not Mentioned,Not Mentioned,Negative,Not Mentioned,Positive
1714,环境干净整洁 服务到位  去晚了需要等位  回头客了  大连烧烤他家很专业了 海鲜也非常新鲜  味道非常好 第二次光顾 价格不便宜三个人500左右  菜品质量味道好的同时 价格也高  总体来说还不错 推荐菜 海胆蒸蛋,Not Mentioned,Positive,Negative,Positive,Positive
1717,位置很好找，里面位置很多，去的时候不是饭点人就还好，服务也还可以，点菜是在前面点，本来是想吃大家说的海胆蒸蛋，结果忘说蒸蛋了……emmmmOK吧，两只海胆一个有一个看起来不太好？图片是还没吃刚上来的样子，就酱。海鲜种类很多，味道一般，沿海人民jio得性价有点低了。,Positive,Positive,Negative,Not Mentioned,Neutral
1721,还可以，就是有点小贵,Not Mentioned,Not Mentioned,Negative,Not Mentioned,Neutral
1725,挺好吃的，海鲜比较新鲜，人特别多，就是价格贵，外地人去多问问价格,Not Mentioned,Not Mentioned,Negative,Not Mentioned,Positive
1727,人好多啊，人均消费还算比较高的,Not Mentioned,Not Mentioned,Negative,Not Mentioned,Not Mentioned
1728,口味不错，两人点多了，没吃完。人多菜慢，催了几次。,Not Mentioned,Negative,Not Mentioned,Not Mentioned,Positive
1734,海鲜很新鲜，很好吃，有点小贵,Not Mentioned,Not Mentioned,Negative,Not Mentioned,Positive
1738,最主要是服务差，点个菜必须要上楼，和服务员说话，服务员都不搭理你,Not Mentioned,Negative,Not Mentioned,Not Mentioned,Not Mentioned
1742,价格超贵，服务态度还不好，不建议来,Not Mentioned,Negative,Negative,Not Mentioned,Not Mentioned
1744,首先说说美团推荐的特色牛舌。护心肉。根本不入味。最少要有点咸淡味啊。 其次别的烤串都不如路边摊好。再说海鲜。生蚝。扇贝海螺。根本不好吃。不知道好评怎么来的。就这个456两个人在品海楼完完全全可以吃一顿好好好好的海鲜大餐。真心的感觉特别坑。456想想都感觉不值。特别推荐外地来的游客朋友们。去品海楼尝尝。绝对物超所值,Not Mentioned,Not Mentioned,Negative,Not Mentioned,Negative
1747,味道好，品种多，但是价格也不便宜，海鲜很贵,Not Mentioned,Not Mentioned,Negative,Not Mentioned,Positive
1753,菜做得还不错，价格稍贵，中体还行,Not Mentioned,Not Mentioned,Negative,Not Mentioned,Positive
1769,已经来了很多次了，味道一如既往的不错，唯一不好的地方就是因为人太多了，有些吵.,Not Mentioned,Not Mentioned,Not Mentioned,Negative,Positive
1779,溜鱼片不咋地，牛舌很好吃，人多，走菜有点慢，总的来说还不错。,Not Mentioned,Negative,Not Mentioned,Not Mentioned,Neutral
1789,基本上每周能去一次，只不过团购价钱涨了,Not Mentioned,Not Mentioned,Negative,Not Mentioned,Not Mentioned
1815,挺好的，和闺蜜一起去的，感觉海鲜有点贵，其他都还好,Not Mentioned,Not Mentioned,Negative,Not Mentioned,Neutral
1816,只能说太一般了，小串还行吧，护心肉太硬了，牙口好的可以，烤鸟贝量少且难吃,Not Mentioned,Not Mentioned,Not Mentioned,Not Mentioned,Negative
1818,口味非常不错，就是人多太吵了！,Not Mentioned,Not Mentioned,Not Mentioned,Negative,Positive
1825,菜品不错，护心肉挺好吃，特色。就是服务员管理的不行，掉档次,Not Mentioned,Negative,Not Mentioned,Not Mentioned,Positive
1826,简直一塌糊涂，告诉不要辣的，还是上辣的，告诉服务员，说换不了，给我们个刷子让我们刷刷吃，真的败给他了,Not Mentioned,Negative,Not Mentioned,Not Mentioned,Not Mentioned
1836,环境可以上菜太慢，味道不错，服务一般,Not Mentioned,Negative,Not Mentioned,Not Mentioned,Positive
1841,环境服务都一般，菜上的太慢了，,Not Mentioned,Negative,Not Mentioned,Neutral,Neutral
1847,来了很多次了 真的不错 就是人太多了  有几次都得排队,Not Mentioned,Negative,Not Mentioned,Not Mentioned,Not Mentioned
1878,现在人真的很多，但是服务真的不想说，口味也不怎么样,Not Mentioned,Negative,Not Mentioned,Not Mentioned,Neutral
1880,菜不错，海鲜新鲜，人多，服务员太忙，上菜慢,Not Mentioned,Negative,Not Mentioned,Not Mentioned,Positive
1882,味道一般，很咸；价格贵，海螺59一斤！,Not Mentioned,Not Mentioned,Negative,Not Mentioned,Neutral
1883,人太多，服务跟不上啊。上菜比较慢，味道不错，喜欢烤牛舌。,Not Mentioned,Negative,Not Mentioned,Not Mentioned,Positive
1890,感觉没有以前好吃了！而且只能在前台站着点菜！服务员态度还不错！但是环境有些乱哄哄的！结账的时候才团购的！周围都是空啤酒瓶子装饰的！挺有意思！,Not Mentioned,Positive,Neutral,Negative,Neutral
1891,总体不错，价格不贵，因为烧烤环境肯定吵，不过还能忍受,Not Mentioned,Not Mentioned,Neutral,Negative,Not Mentioned
1894,非常好，不过晚上人多，上菜有点慢，海鲜偏贵,Not Mentioned,Negative,Not Mentioned,Not Mentioned,Not Mentioned
1897,味道正宗，环境不错，就是价格稍微贵一点，不过值得品尝一下。不枉大连一行,Not Mentioned,Not Mentioned,Negative,Positive,Positive
1898,垃圾 实在太垃圾了 等了一个小时还没上菜 还有点了还点错了 没给点上的 真的很差劲,Not Mentioned,Negative,Not Mentioned,Not Mentioned,Not Mentioned
1901,上菜比较慢，口味还可以，价位合理。海鲜种类齐全,Not Mentioned,Negative,Neutral,Not Mentioned,Positive
1915,味道不错，也许人多服务员忙不过来，最后点的会慢一些，总体不错，还会再来,Not Mentioned,Negative,Not Mentioned,Not Mentioned,Positive
1917,上菜比较慢，价位合理，桃花虾很好吃,Not Mentioned,Negative,Neutral,Not Mentioned,Positive
1954,就是黄蚬子里面沙子太多 服务员二话不说就给退了，海胆很新鲜。就是烤鱿鱼太咸了 味道还是不错的,Not Mentioned,Positive,Not Mentioned,Negative,Neutral
1956,环境，菜味都不错，就是停车麻烦,Not Mentioned,Negative,Not Mentioned,Positive,Positive
1968,还可以吧…服务态度不是很好，需要加强,Not Mentioned,Negative,Not Mentioned,Not Mentioned,Neutral
1974,烤串太咸，本身自己口就很重了，但还是太咸了。口味也一般，失望，不像朋友介绍那么好。服务员也不灵光，上错菜，我们反映不是我的菜，但她看眼单子说是，就走了，我们自己看原来服务员看的是隔壁单子，哎,Not Mentioned,Negative,Not Mentioned,Not Mentioned,Neutral
1977,喝酒的地方，猪蹄和护心肉好吃，希望盐h鸡胗做好点。总之不错。可惜没有青岛淡爽。纯生太贵4人喝4箱酒钱就奔600了,Not Mentioned,Not Mentioned,Negative,Not Mentioned,Positive
1983,吃喝绝对没问题，老板娘也很和善，就是稍微有点贵，团购完还人均150多。也可能我们喝的有点多,Not Mentioned,Positive,Negative,Not Mentioned,Neutral
1987,紫航旗下的，所以价格较贵，可能过节吧!菜上的比较慢，最后上的只好打包带走。,Not Mentioned,Negative,Negative,Not Mentioned,Not Mentioned
1988,三个人消费八百多点团购后680还是可以的，楼下包间跟楼上比太差了，一次性餐具太太太太太脏了简直是哎。赶快换餐具供应商吧，太恶心了。以后只去一楼包间不要一次性餐具，其它都不错的。,Not Mentioned,Not Mentioned,Neutral,Negative,Not Mentioned
1993,很不错，还会再去。就是服务员有点慌，上菜给菜给酒洒了什么的好几次…还得练啊,Not Mentioned,Negative,Not Mentioned,Not Mentioned,Not Mentioned
1996,环境凑合，烧烤店就是比较吵，肉类确实不错，海鲜就算了吧。不用团购的话价格确实小贵,Not Mentioned,Not Mentioned,Negative,Negative,Neutral
2015,有点小贵。四个人两男两女没吃啥花了400多。而且女的不怎么吃。烤夏威夷贝千万别点。***啊,Not Mentioned,Not Mentioned,Negative,Not Mentioned,Negative
2048,上菜太慢了…点个菜得等20到30分钟才能上来…,Not Mentioned,Negative,Not Mentioned,Not Mentioned,Not Mentioned
2053,环境服务口味都不错，就是价位有点小贵啊,Not Mentioned,Positive,Negative,Positive,Positive
2054,各方面都不错，环境尤为喜欢，价位小贵,Not Mentioned,Not Mentioned,Negative,Positive,Not Mentioned
2068,挺好，就是不便宜！,Not Mentioned,Not Mentioned,Negative,Not Mentioned,Not Mentioned
2072,菜品口味可以，海鲜超贵，一斤皮皮虾99点了半斤，非常小，就是新鲜度还可以，油边好吃,Not Mentioned,Not Mentioned,Negative,Not Mentioned,Neutral
2073,味道好，材料新鲜，就是贵！可是吃了还想吃。,Not Mentioned,Not Mentioned,Negative,Not Mentioned,Positive
2075,很好，就是服务员忒傲气！瞧不起人的感觉,Not Mentioned,Negative,Not Mentioned,Not Mentioned,Not Mentioned
2078,海鲜还好，但是真心贵，贵，贵，贵，贵，贵，贵。。。。,Not Mentioned,Not Mentioned,Negative,Not Mentioned,Neutral
2079,口味but 错就是量是不是太少了呢,Not Mentioned,Not Mentioned,Not Mentioned,Not Mentioned,Negative
2080,网红店，看着大连攻略很多人推荐，去的时候还比较早 才等了二十多桌。吃完出来外面已经排了四十多桌了。  味道感觉还行吧，没有那么好吃。  价位还是有点偏高的。两个人三百多 感觉没吃什么....     。 凑个热闹 以后不会再去了,Not Mentioned,Neutral,Negative,Not Mentioned,Neutral
2081,价格小贵，看小红书推荐的才过来。  味道还可以,Not Mentioned,Not Mentioned,Negative,Not Mentioned,Positive
2083,跟男朋友来的，点了不少海鲜两个人花了300，菜码还可以，海鲜价格感觉还是有点小贵吧,Not Mentioned,Not Mentioned,Negative,Not Mentioned,Positive
2089,环境不错，上菜快，味道还行，价格贵,Not Mentioned,Positive,Negative,Positive,Positive
2090,菜品还可以，就是价格太贵了啊！,Not Mentioned,Not Mentioned,Negative,Not Mentioned,Positive
2094,就是一个字“黑”，我和我对象俩个人花了670块钱，我们两个是外地来的。以为海边城市海鲜会便宜，所以没多问就跟着大堂经理点餐，一直给我俩推荐贵的东西，一直也没说多少钱，那么大的扇贝也不给我们看看就推荐4个，一男一女那能吃的了吗？也不管我们两个能不能吃完，还一直推荐别的，连吃不了的提醒也没有。一个飞蟹99元！服了,Not Mentioned,Negative,Negative,Not Mentioned,Negative
2105,菜都很不错，老顾客了。有一点不太好就是点了个鱼杂豆腐，上来个蟹钳，完了告诉鱼杂没有了，我说点菜时候看见有鱼杂啊，服务员说别人点了还没撤下去，我有点不信啊，别人点了的菜能在点菜台上访那么长时间吗？,Not Mentioned,Negative,Not Mentioned,Not Mentioned,Positive
2109,就是一个字，贵，而且螃蟹还不大，要一百块钱一只，味道一般,Not Mentioned,Not Mentioned,Negative,Not Mentioned,Neutral
2110,菜品不错 价位偏贵  适合游客去尝尝鲜,Not Mentioned,Not Mentioned,Negative,Not Mentioned,Positive
2115,海鲜很新鲜，挺好吃的，但是大连的海鲜不是一般贵，不像在海边，像是内陆地区吃新鲜海鲜的价格,Not Mentioned,Not Mentioned,Negative,Not Mentioned,Positive
2118,菜太咸了，还贵，不点菜不让进门坐着,Not Mentioned,Negative,Negative,Not Mentioned,Negative
2119,味道一般  价格挺贵的  没啥特色也  不怎么太喜欢,Not Mentioned,Not Mentioned,Negative,Not Mentioned,Neutral
2121,挺好的，就是人特多，有点吵，串还挺好吃的，毛血旺我不喜欢,Not Mentioned,Not Mentioned,Not Mentioned,Negative,Positive
2125,有点贵但是真好吃？？？？？,Not Mentioned,Not Mentioned,Negative,Not Mentioned,Positive
2126,有人推荐生吃海胆可我不太敢，点了海胆蒸蛋，感觉也非常好吃。扇贝很香很入味，烤牛舌不油不腻，鱿鱼份量很足，只是羊肉串略显中规中矩，没什么味。价格偏贵，不过最糟心的是服务员。门口的那几位，一副傲慢冷漠不耐烦的样子，我第一次来我就是什么都不懂，怎么了？所以就算饭菜好吃我也只想给四星。只有上菜的那一个小伙子乐乐呵呵，很阳光很有礼貌，让人感觉还好点。 #海胆蒸蛋#,Not Mentioned,Negative,Negative,Not Mentioned,Positive
2129,味道可以的。价格不便宜。 #护心肉# #烤鲍鱼# #羊排#,Not Mentioned,Not Mentioned,Negative,Not Mentioned,Positive
2134,性价比很低，很贵，味道却很一般。                  参考价：烤鲍鱼一个29 烤大扇贝一个29 烤鱿鱼一个29 烤海螺一个29,Not Mentioned,Not Mentioned,Negative,Not Mentioned,Neutral
2139,没啥吃的，还挺贵！！！！！！！！！,Not Mentioned,Not Mentioned,Negative,Not Mentioned,Not Mentioned
2143,很好吃，虽然有点贵，但是都很好吃，人超多，去的晚了要排好久的队，麻辣皮皮虾也很好吃，但是感觉很辣，吃起来有点费时间，坐车的朋友要多留一些时间出来，扇贝，烤虾，鲍鱼都很大，羊排串也不错，海胆感觉生的比蛋蒸的味道应该要更鲜一些，下次去尝尝生的。,Not Mentioned,Negative,Negative,Not Mentioned,Positive
2145,到大连的第一顿海鲜，还是看了美团的推荐找到的，口味只能说一般，环境还可以，服务在点菜之前还是可以的，点过菜基本就没人理了，价格是相当不便宜，扇贝，生蚝，烤虾……都是按只算的，29~58一只不等，俩人吃了三百多，呵呵……土豪请忽略???,Not Mentioned,Neutral,Negative,Positive,Neutral
2146,网上评价很高的一家店，特意去的。价格挺贵的，东西不错，去的人也很多,Not Mentioned,Not Mentioned,Negative,Not Mentioned,Positive
2148,地角不错，环境不错口味一般吧。价格有点小贵,Not Mentioned,Not Mentioned,Negative,Positive,Neutral
2152,贵一些，还可以。多春鱼好吃，就是有点咸,Not Mentioned,Not Mentioned,Negative,Not Mentioned,Neutral
2154,美团人均八十多，结果两个人花了五百，海鲜论只卖，较贵,Not Mentioned,Not Mentioned,Negative,Not Mentioned,Not Mentioned
2155,肉串味道不咋地，价位也高，不是想像中的,Not Mentioned,Not Mentioned,Negative,Not Mentioned,Neutral
2157,在网上对比查找了很久才选的这家正红旗海鲜烧烤。前十分钟看的时候还无需排队，再过十分钟去看地址的时候发现已经有10多桌在排队了，赶紧约了个号。找店也找了很久，打电话过去问前台态度非常好，很耐心的告诉怎么走。到店后等了半小时才入桌，菜品如照片，虾爬子很好吃，椒盐口味的，炸得火候刚刚好，酥酥的。三鲜饺子也好吃，就是大青虾放咸了，没吃完。看来没选错店，非常棒,Negative,Neutral,Not Mentioned,Not Mentioned,Positive
2158,菜很OK味道都很好 就是服务员会来催你买单很不爽,Not Mentioned,Negative,Not Mentioned,Not Mentioned,Positive
2159,服务好，菜的口味也好，价格还贵,Not Mentioned,Positive,Negative,Not Mentioned,Positive
2161,味道不错，小贵。,Not Mentioned,Not Mentioned,Negative,Not Mentioned,Positive
2168,是在网上选的店，开始还怕不好，到店后发现选择是对了，海鲜很新鲜，扇贝29一只，很大个，味道鲜美，烤大虾19一只，挺新鲜的，螃蟹很赞，69一只，很肥，而且非常新鲜好吃，烧烤类也不错，总体来讲很满意，价格稍贵，但偶尔消费还是能接受的，服务跟卫生环境也很不错。,Not Mentioned,Positive,Negative,Positive,Positive
2176,服务态度特别差，一听你要点的少或者串串类，脸色口气马上转变，一吃完就催你结账，东西味道一般，不值那个价格，一种欠了他钱的样子！,Not Mentioned,Negative,Negative,Not Mentioned,Neutral
2177,除了贵点 人多没毛病  两大两小吃了八百多。烤牛舌超好吃,Not Mentioned,Not Mentioned,Negative,Not Mentioned,Positive
2178,人真的是超多，等了有一个多小时，海鲜特别新鲜，价格也还可以，真心不错,Not Mentioned,Negative,Neutral,Not Mentioned,Positive
2179,龙虾很好吃。排队等的太久啦。人太多啦。但是最后都吃的不错。很赞。做为到大连旅游的最后一餐。满足啦。打道回府。,Not Mentioned,Negative,Not Mentioned,Not Mentioned,Positive
2181,去大连的第一顿饭就是找的这家，不枉等了一个多小时，海鲜很新鲜，就是价格有点小贵，推荐,Not Mentioned,Negative,Negative,Not Mentioned,Positive
2186,海鲜不错，19:00多到这里，没有提前预定，人爆满，排到123号，等了快一个半小时，终于吃上了！大众口味，在市里这价钱吃的就算不错了！可推选！下次来一定要提前预定！,Not Mentioned,Negative,Neutral,Not Mentioned,Positive
2188,贵，一般，不大好吃，皮皮虾还有蛮多都烂，经理还说都是活的，,Not Mentioned,Not Mentioned,Negative,Not Mentioned,Neutral
2189,"味道还一般，但是服务态度真的差。价格也贵！说着大排档，其实贵的很。扇贝29一只，生蚝29一只，鲍鱼50一只。。。然后不点菜就不让坐，必须点了菜，才说去那里坐，也没人带你去，自己去找座r（s＿t）q
最重要的是，菜都上了，还不上筷子。问了一次，服务员不理，就走了。等了好久，菜上了两个了，另一个服务员发现没有筷子才拿过来就算了，结账的时候，等了半天没有人来带，自己去。结账的人还说，你们怎么自己出来了，几台的啊？？哇！什么鬼，我等了好久都没人来带，自己来付钱还不可以嘛？我就应该走了不付钱的，好吧",Not Mentioned,Negative,Negative,Not Mentioned,Neutral
2190,怎么说呢，算是慕名而来的吧，看了去哪网攻略，一个博主盛推的，下午两点多，也没有了博主说的优惠，服务员态度怎么说呢，热情的不够实在，味道很可以，麻辣的虾爬子，味道很足，拌黄瓜也很好吃，生蚝味道就just Soso吧，不过真的很新鲜，另外酒水是不让自带的，下次是不考虑去啦,Not Mentioned,Negative,Negative,Not Mentioned,Positive
2192,味道一般吧，价格略贵，性价比不高,Not Mentioned,Not Mentioned,Negative,Not Mentioned,Neutral
2194,很满意，但是去晚了需要等很长时间，去很多次了！很好,Not Mentioned,Negative,Not Mentioned,Not Mentioned,Not Mentioned
2195,"烤牛舌和护心肉烤的很好吃！点赞啦
蒜蓉烤扇贝味道也挺好的，不过29一只有点稍贵啊
那个啥公飞蟹？蒸出来的味道一般，蟹黄都是黑的
烤大虾的味道没有想像中的好
对了，强烈推荐鱼豆腐，螺肉丸再加上烤牛舌和护心肉，这几样就能吃的比较满足了。
价格还是有点小贵啊。",Not Mentioned,Not Mentioned,Negative,Not Mentioned,Positive
2196,不好吃，量少，鱿鱼都是烤过了，不建议去吃，还不如忠正小吃城做的好吃。,Not Mentioned,Not Mentioned,Not Mentioned,Not Mentioned,Negative
2197,人很多，环境吵闹，服务生缺少，鱼烤过火，不怎么吃辣的建议吃微辣的，我们点的不辣的不怎么好吃，疙瘩汤很赞，上菜速度慢,Not Mentioned,Neutral,Not Mentioned,Negative,Neutral
2200,口味不错，但是价格偏贵，感觉份量不太足,Not Mentioned,Not Mentioned,Negative,Not Mentioned,Neutral
2207,看美团评价找到这家的，味道很赞，人很多但服务很好，总经理亲自点的菜，虽然价格小贵，但总体不错，五星好评！！,Not Mentioned,Positive,Negative,Not Mentioned,Positive
2212,"听了朋友的介绍，慕名而来。菜品非常不错，味道可以，值得一试。大部分是海鲜，和东北菜，没有什么特别突出的地方。就是感觉太贵了，三个人吃饭花了将近600块。

友情提示一句，和吃海鲜不要喝啤酒飘零太高了",Not Mentioned,Not Mentioned,Negative,Not Mentioned,Positive
2213,我看这里人气是大连最火的海鲜饭店就来了，坐地铁一号线倒二号线中山广场下车走不远就到了。东西都很贵，性价比稍低。排号和等餐都比较慢，但是菜的味道不错。蚬子很肥美，没有一点沙子，捞汁什锦很好吃，就这俩菜还算实惠。我和我表妹两个人简单吃点花了三百多。,Positive,Negative,Negative,Not Mentioned,Positive
2214,价格偏高，但口味真不错。还会再去,Not Mentioned,Not Mentioned,Negative,Not Mentioned,Positive
2219,凉菜特凉，冻牙，烤大虾盐特多，咸，菜少价格高，适合特别能装的人来着吃饭,Not Mentioned,Not Mentioned,Negative,Not Mentioned,Negative
2222,东西环境都行，就是管理差，酒水小姐见到自带酒水的拉拉脸像仇人一样，还要开瓶费。牛舌，韭菜盒子不错，其他的大连街各家海鲜烧烤都差不多。,Not Mentioned,Negative,Not Mentioned,Positive,Positive
2223,海鲜比较多，味道也不错，价格小贵,Not Mentioned,Not Mentioned,Negative,Not Mentioned,Positive
2225,海鲜挺好吃，烧烤味道也很好～螃蟹很大哟，就是有点贵……,Not Mentioned,Not Mentioned,Negative,Not Mentioned,Positive
2229,菜品口味较好，服务周道，环境一般。价格较贵。,Not Mentioned,Positive,Negative,Neutral,Positive
2230,鱼很嫩很鲜啊。好吃。而且客人很多。我排了很久的队。来大连玩的第一天晚上吃的。不错不错。,Not Mentioned,Negative,Not Mentioned,Not Mentioned,Positive
2236,上菜比较慢，东西还是不错的，分量很足的,Not Mentioned,Negative,Not Mentioned,Not Mentioned,Positive
2242,我能不能说，来大连吃的这顿海鲜烧烤慕名而来却真心有点希望，特别是烤大虾，无味又吃着硬，蒸扇贝性价比不高。烤羊肉小串还行。辣炒黄蚬子一股火锅底料味。,Not Mentioned,Not Mentioned,Negative,Not Mentioned,Neutral
2244,菜品和味道还是不错的，不过阿根廷大虾39有点高了。。。我在旅大吃的才9.9。虽然是小点。不过性价比就差很多了。鱼香小鱼是要推荐的。,Not Mentioned,Not Mentioned,Negative,Not Mentioned,Positive
2246,第一次来，完全是在网上找的，巧的是离住的酒店不远，溜达10多分钟就到了。5点多等位的人就相当多了，排了近一个小时坐下的。海鲜都是活的，个儿大新鲜，味道也不错,Not Mentioned,Negative,Not Mentioned,Not Mentioned,Positive
2253,在美团上发现的，就在美团上直接排好号去吃的，到了以后人超级多，如果不提前排号的话，要等很久，进去以后我和老公儿子点了点海鲜和几个菜，吃的很好，海鲜特别新鲜，我和老公都吃的非常好，三口人花了300块钱还可以！,Not Mentioned,Negative,Neutral,Not Mentioned,Positive
2256,真心贵，服务员连忽悠带骗。味道只能说一般般。,Not Mentioned,Negative,Negative,Not Mentioned,Neutral
2267,不想说啥了，原来来吃的都挺开心的，就这一次我真是醉了，什么服务态度，东西没上硬说我们吃了，你不问就不理你，然后一群服务员一边一边来看，不是我说啥，换其他人早翻脸了，然后连句抱歉都没有，我真是服了！以后不想再来了。一次把原来的印象都毁了,Not Mentioned,Negative,Not Mentioned,Not Mentioned,Not Mentioned
2268,8个人吃了9百多，一般吧，价位偏高，,Not Mentioned,Not Mentioned,Negative,Not Mentioned,Neutral
2271,炒菜味道不错?，尤其是羊排，很好吃，海鲜价格不便宜，凉菜一般，上菜慢，客真的很多，排不上，总之，不错?,Not Mentioned,Negative,Negative,Not Mentioned,Positive
2272,来大连旅游，看上面推荐的，太贵啦,Not Mentioned,Not Mentioned,Negative,Not Mentioned,Not Mentioned
2273,我不知道为什么网红推荐这个，这些 食物的味道和价格根本不成正比，400块吃不饱，同等价位俩人可以吃的特别好，所有食物救几乎都一个味道，鲍鱼还没我自己家做的好吃，真的不值，来吃海鲜的都是外地人吧，本地人都过去吃炒菜了，十分不值！服务员一直过来瞅着你吃，我就不明白了，瞅啥啊！后来我们又去吃的渔公码头海鲜，呵呵，同样价格吃玩后更感觉网红推荐的真的不行，卡脸。,Not Mentioned,Negative,Negative,Not Mentioned,Negative
2274,量少，价格偏高！食材鲜还可以！我们是旅客，下次过去应该不会去了,Not Mentioned,Not Mentioned,Negative,Not Mentioned,Neutral
2278,非常火爆的一家店 烧烤很好吃 尤其是烤牛舌 海鲜很新鲜 价格有点小贵不过也值得毕竟很好吃 唯一不足的是要了半斤虾爬子就上了五只?感觉有点缺斤少两 总体来说还是非常不错的 下次还会再来。,Not Mentioned,Not Mentioned,Negative,Not Mentioned,Positive
2280,海胆和大扇贝是最贵的，但物有所值。生蚝和大虾非常大，但都是19一只。牛舌很软，味道很好。其他的菜都是正常价。这家店很火，等了2小时才吃上。下次还会去的。,Not Mentioned,Negative,Positive,Not Mentioned,Positive
2283,"等位太久，等了一个半小时
【等位】1.5小时
【口味】不错
【环境】一般
【服务】还行",Not Mentioned,Negative,Not Mentioned,Neutral,Positive
2287,人多，服务跟不上，菜品不是很新鲜，而且很慢,Not Mentioned,Negative,Not Mentioned,Not Mentioned,Negative
2298,好吃是真好吃，贵也是真贵 #烤牛舌# #烤鱿鱼# #大夏夷贝蒜蓉蒸#,Not Mentioned,Not Mentioned,Negative,Not Mentioned,Positive
2299,太贵了太贵了太黑了，去过一次不想去第二次,Not Mentioned,Not Mentioned,Negative,Not Mentioned,Not Mentioned
2309,东西味道一般，价格却很贵，不值得去的一个店。,Not Mentioned,Not Mentioned,Negative,Not Mentioned,Neutral
2310,点了2个玉米，吃了一口，发现玉米上有绿点，怀疑发霉，结果服务员找主管，结完账也没人来给个说法，只把玉米退了。这种服务，卫生，真不知道怎么这么多人来吃。,Not Mentioned,Negative,Not Mentioned,Negative,Not Mentioned
2313,味道挺棒的，但是价格小贵，人多，要去的话得提前排好队,Not Mentioned,Neutral,Negative,Not Mentioned,Positive
2317,两个人吃了三个海鲜加一个烧烤三百多一点，真的很贵啊,Not Mentioned,Not Mentioned,Negative,Not Mentioned,Not Mentioned
2320,口味太咸 反而吃不出鲜味 服务差 喊半天没水喝 不满意,Not Mentioned,Negative,Not Mentioned,Not Mentioned,Negative
2322,人多排位，等了40分钟，菜味道还行，价格略贵,Not Mentioned,Negative,Negative,Not Mentioned,Positive
2323,口感一般，价格不菲……服务一般,Not Mentioned,Neutral,Negative,Not Mentioned,Neutral
2325,去晚了得等位，火的一塌糊涂。,Not Mentioned,Neutral,Not Mentioned,Negative,Not Mentioned
2333,正红旗海鲜烧烤大排档在网上他家评论挺好的，所以我们就选择了这个地方吃饭，选了几样招牌的海鲜，感觉海胆还是生吃比较好，熟的酱油味太重了。烤海肠很嫩，但是酱料有点儿太咸了！环境很一般吧，他家没有无烟区，到处都有人在抽烟！呛人呛得简直让人受不了！感觉特别特别的low！,Not Mentioned,Not Mentioned,Not Mentioned,Negative,Neutral
2335,太贵了！,Not Mentioned,Not Mentioned,Negative,Not Mentioned,Not Mentioned
2336,老顾客了，口味很好。但是可能因为太火了，人太多。上菜慢，服务质量也下降。希望贵店能注意。??,Not Mentioned,Negative,Not Mentioned,Not Mentioned,Positive
2337,强烈推荐!尤其是酱猪手，味道超级无敌好吃!蒜蓉粉丝扇贝超级大，肉嫩，味鲜!培根肉卷也特别好吃!它家消费不低，但味道好比什么都重要!,Not Mentioned,Not Mentioned,Negative,Not Mentioned,Positive
2338,口味不错，价格偏贵，服务不是太好。,Not Mentioned,Negative,Negative,Not Mentioned,Positive
2345,挺好吃，也是当地特色，排队排好久，海鲜都很新鲜，不错，味道也很好,Not Mentioned,Negative,Not Mentioned,Not Mentioned,Positive
2346,口味尚可 质量也不错。就是稍微贵了点 大鲍49。,Not Mentioned,Not Mentioned,Negative,Not Mentioned,Neutral
2350,味道还可以，价格不便宜，人实在是太多了，等了好长时间。,Not Mentioned,Negative,Negative,Not Mentioned,Positive
2351,排队用了很长时间，东西很新鲜。,Not Mentioned,Negative,Not Mentioned,Not Mentioned,Positive
2359,菜品口味一般，服务态度实在让人不敢恭维！！！,Not Mentioned,Negative,Not Mentioned,Not Mentioned,Neutral
2360,上菜速度特别慢，我们十几个人点了一堆还没给我们上齐。吃了三个多小时菜还没上齐。开玩笑呢吧。什么菜没上当时也没注意，过后才发现。坑人啊,Not Mentioned,Negative,Not Mentioned,Not Mentioned,Not Mentioned
2364,人真是超级多，海鲜肥美，价格略贵，味道很棒！,Not Mentioned,Not Mentioned,Negative,Not Mentioned,Positive
2365,周末来的比较早，上菜比较慢。味道没感觉有什么特别之处。,Not Mentioned,Negative,Not Mentioned,Not Mentioned,Neutral
2367,外来游客，看到评论不错，特意找去的。拿号排队那的男服务员板脸像欠他钱似的。味道真心一般，还没有我那内陆城市的好吃，可能地区饮食差异吧。关键是还不便宜，我一个人点很少就吃了两百多，谁说人均消费70的，70能吃啥？,Not Mentioned,Negative,Negative,Not Mentioned,Neutral
2368,味道还可以，比较新鲜，上菜有点儿慢，人很多,Not Mentioned,Negative,Not Mentioned,Not Mentioned,Positive
2381,味道一般，生意真好！九十点还得排队！,Not Mentioned,Negative,Not Mentioned,Not Mentioned,Neutral
2382,味道还是可以的，人多，没有人管我们情侣，这点一般，然后就是贵…你们懂得,Not Mentioned,Not Mentioned,Negative,Not Mentioned,Neutral
2386,不推荐大家来，不值得这么长时间排队 shiwangq,Not Mentioned,Negative,Not Mentioned,Not Mentioned,Not Mentioned
2387,有点小贵,Not Mentioned,Not Mentioned,Negative,Not Mentioned,Not Mentioned
2388,服务员态度不好，不卖海鲜面，不让自带酒水，自带酒水不给打折，有霸王条款。不过还是可以的，还挺新鲜的，不过分量较少,Not Mentioned,Negative,Negative,Not Mentioned,Neutral
2390,不好吃。而且很贵。还不如去路边吃的,Not Mentioned,Not Mentioned,Negative,Not Mentioned,Negative
2394,点菜员真差劲?俩人吃了989！点菜的时候！点菜员也不给说一声！,Not Mentioned,Negative,Neutral,Not Mentioned,Not Mentioned
2397,服务真心不咋的，点菜都没人搭理，晚上去人太多太多，菜品口味还可以,Not Mentioned,Negative,Not Mentioned,Not Mentioned,Positive
2398,真是贵啊，旅游季节不建议来,Not Mentioned,Not Mentioned,Negative,Not Mentioned,Not Mentioned
2399,海鲜贵，菜品还不错,Not Mentioned,Not Mentioned,Negative,Not Mentioned,Positive
2400,味道很棒，就是价位有点高！四个人吃了将近500！,Not Mentioned,Not Mentioned,Negative,Not Mentioned,Positive
2401,好吃，就是稍微有点贵。,Not Mentioned,Not Mentioned,Negative,Not Mentioned,Positive
2402,排了大长队，但是吃得还是很满意的,Not Mentioned,Negative,Not Mentioned,Not Mentioned,Positive
2403,人多，等好久，服务员还忘了给排号，问了几次，才安排上,Not Mentioned,Negative,Not Mentioned,Not Mentioned,Not Mentioned
2404,味道是真不错，价钱也很优惠，同行的三个人去吃。都拉肚子了，而且特别严重！！！,Not Mentioned,Not Mentioned,Positive,Negative,Positive
2405,价格小贵 服务态度比较好  菜品也很不错,Not Mentioned,Positive,Negative,Not Mentioned,Positive
2406,冲着网上排名去的，特别失望，点了不点东西，花了500多，四个人去的，实际上只有三个人吃，基本上全是烧烤，还这么贵，味道一般，不知道网上评价怎么来的,Not Mentioned,Not Mentioned,Negative,Not Mentioned,Neutral
2409,菜码小、价格贵、味道没有评价的那么好、也只是去这一次吧,Not Mentioned,Not Mentioned,Negative,Not Mentioned,Negative
2412,我真是无语了哈。第一，我点了40串，他给我上了23串，黑店吗？偷工减料？第二，有一道菜，前台说一个价，算的时候另一个价，真是666,Not Mentioned,Negative,Negative,Not Mentioned,Not Mentioned
2413,"味道不错，上菜速度很快。服务员态度都很好。海鲜都跟新鲜。
美中不足，个别黄蚬子里面有沙子。
最喜欢的是烤生蚝，虾爬子应季，很肥。
价格小贵吧，可能是点的海鲜比较多。两个女生花了400+，还好用美团结账，省了33块钱~",Not Mentioned,Positive,Negative,Negative,Positive
2414,还可以吧。没有传说中的那么好吃，三生蘸酱蔬菜特别不新鲜，像放了好几天的。,Not Mentioned,Not Mentioned,Not Mentioned,Not Mentioned,Negative
2418,好吃，太好吃了，就是有点小贵?,Not Mentioned,Not Mentioned,Negative,Not Mentioned,Positive
2419,味道好 就是有点贵,Not Mentioned,Not Mentioned,Negative,Not Mentioned,Positive
2421,好吃 价格还算接地气 高峰期要排很久对,Not Mentioned,Negative,Positive,Not Mentioned,Positive
2422,味道可以，价格稍微高一点，位置好找，口味不错,Positive,Not Mentioned,Negative,Not Mentioned,Positive
2423,挺贵的，不过东西味道不错，据说好像本地人去的很多,Not Mentioned,Not Mentioned,Negative,Not Mentioned,Positive
2424,第二天拉了一整天肚子,Not Mentioned,Not Mentioned,Not Mentioned,Negative,Not Mentioned
2425,味不好，东西贵，不知道好评怎么会那么多,Not Mentioned,Not Mentioned,Negative,Not Mentioned,Negative
2426,海螺饺子太好吃了，老板鱼也很新鲜，海鲜都不错，羊排不推荐，特别老，总体口味有点咸，喝酒还可以,Not Mentioned,Not Mentioned,Not Mentioned,Not Mentioned,Negative
2435,高消费 . 价格不亲民 . 味道一般。,Not Mentioned,Not Mentioned,Negative,Not Mentioned,Neutral
2439,价格不算便宜！我感觉不是太便宜。,Not Mentioned,Not Mentioned,Negative,Not Mentioned,Not Mentioned
2440,服务非常差，忽悠人，上了美团优惠买单，买单时不让用美团券。做不起活动忽悠客户。同店内经理理论态度强硬，态度极差，最差一次用餐体验。。。差！！！极差！！！非常不满意。,Not Mentioned,Negative,Neutral,Not Mentioned,Not Mentioned
2441,价格过高，烤串味道挺好的。。巨塔恶露,Not Mentioned,Not Mentioned,Negative,Not Mentioned,Positive
2444,人很多，排了很长的队，海鲜肥美,Not Mentioned,Negative,Not Mentioned,Not Mentioned,Not Mentioned
2445,菜品不错，就是人很多，大概等了45分钟左右,Not Mentioned,Negative,Not Mentioned,Not Mentioned,Positive
2447,贵。。可能是个人口味吧，真心觉得海胆很。。不可描述，吃了一点就扔那了。口味偏咸，和朋友两个人花了280左右，就干锅花菜吃的最干净,Not Mentioned,Not Mentioned,Negative,Not Mentioned,Negative
2448,第一次来大连，看网上推荐来了这家，味道很不错，赞个。就是希望接待点菜的那个男的服务好一点，总是黑个脸干什么。第一次来我怎么知道去哪里点菜。,Not Mentioned,Negative,Not Mentioned,Not Mentioned,Positive
2449,一个字贵！不是很推荐,Not Mentioned,Not Mentioned,Negative,Not Mentioned,Negative
2451,大串一点也不好吃，烤腰子也不香,Not Mentioned,Not Mentioned,Not Mentioned,Not Mentioned,Negative
2452,烤得海鲜确实不错，无奈价格太贵，辣椒太少,Not Mentioned,Not Mentioned,Negative,Not Mentioned,Positive
2454,味道不错 有点小贵其他都可以,Not Mentioned,Not Mentioned,Negative,Not Mentioned,Positive
2455,服务员态度恶劣 一直催别人点，烦死了，影响心情，水煮海上鲜太难吃了！！！！！！！！其余还行,Not Mentioned,Negative,Not Mentioned,Not Mentioned,Negative
2457,"等的人太多，排队一个半小时，味道一般般，没评论的那么好,上菜速度慢，吃了一个小时还有一个菜没上，结账的时候退了",Not Mentioned,Negative,Not Mentioned,Not Mentioned,Neutral
2458,服务员很热情 菜品口味还好 价钱有点小贵,Not Mentioned,Positive,Negative,Not Mentioned,Neutral
2460,味道不错，种类也很多，价格稍微高,Not Mentioned,Not Mentioned,Negative,Not Mentioned,Positive
2464,不好吃，服务也差，价格也高，屋里特别吵,Not Mentioned,Negative,Negative,Negative,Negative
2465,味道不错，性价比不高，海鲜价格高，比外面贵一半吧。,Not Mentioned,Not Mentioned,Negative,Not Mentioned,Positive
2466,很好，东西好吃，人也很多，没法订位子，建议用美团提前排座按时去，不然等一个小时是常事，中午七九折优惠。,Not Mentioned,Negative,Neutral,Not Mentioned,Positive
2469,"烧烤还行！
海鲜太贵了，好小的一只飞蟹99元！",Not Mentioned,Not Mentioned,Negative,Not Mentioned,Neutral
2471,太难吃了，简直就是咸盐不要钱一样,Not Mentioned,Not Mentioned,Not Mentioned,Not Mentioned,Negative
2477,海鲜不要点，不是很新鲜,Not Mentioned,Not Mentioned,Not Mentioned,Not Mentioned,Negative
2483,味道不错～就是人多！排了将近两个小时！因为没吃过别人家海鲜，不知道价钱贵不贵，没有比较～羊肉串不好吃，不推荐,Not Mentioned,Negative,Not Mentioned,Not Mentioned,Negative
2485,味道不错，服务员的服务态度真是太差了！叫撤下空盘子，不撤，就使劲往里面推，对人带答不理。,Not Mentioned,Negative,Not Mentioned,Not Mentioned,Positive
2487,一般。太一般了。不好吃。吃着吃着没菜了。然后中途点菜还得去前台。麻烦。,Not Mentioned,Negative,Not Mentioned,Not Mentioned,Negative
2494,菜品口感很好，就是上菜较慢，等待时间久,Not Mentioned,Negative,Not Mentioned,Not Mentioned,Positive
2496,一直是它家忠实的食客，菜品一直都好吃，黄瓜拌猪头肉，疙瘩汤我的最爱，它家的羊肉小串也特别好吃，海鲜的价位便宜，想吃海鲜的可以去它家，我这次去有点不太愉快，服务员都不知道在忙些什么，点的菜竟然有没点上的，叫服务员拿筷子，半天才拿来，都10点多了，客不是很多，叫个服务员这么费劲，感觉乱哄哄的，不知道服务员在忙什么！,Not Mentioned,Negative,Positive,Not Mentioned,Positive
2499,都一般 上菜慢 味道有时不好 还需努力提高,Not Mentioned,Negative,Not Mentioned,Not Mentioned,Neutral
2507,还好吧，去吃过两次，辣炒蛏子不错，挺贵的，没啥玩应儿。,Not Mentioned,Not Mentioned,Negative,Not Mentioned,Positive
2511,价格偏高、海鲜很贵、还不咋好、,Not Mentioned,Not Mentioned,Negative,Not Mentioned,Neutral
2514,上菜速度有点慢，40分钟只上个凉菜！,Not Mentioned,Negative,Not Mentioned,Not Mentioned,Not Mentioned
2516,还行吧  烤串或许贵  但我们点的菜  量大  炒饭挺好吃   就是那个海螺头的有点难吃,Not Mentioned,Not Mentioned,Negative,Not Mentioned,Positive
2518,地下环境很差，一楼环境还好，味道不错…,Not Mentioned,Not Mentioned,Not Mentioned,Negative,Positive
2520,味道还行，价格稍微贵点，环境还行,Not Mentioned,Not Mentioned,Negative,Positive,Positive
2524,榱顺蕴匾c_去大B 但是有c小失望 海c]夏天新r 韭菜好老 推]的f片~甜口不m合我@N重口味 服丈猩,Not Mentioned,Negative,Not Mentioned,Not Mentioned,Neutral
2526,等位一个小时，所有菜都在外面放着。,Not Mentioned,Negative,Not Mentioned,Not Mentioned,Not Mentioned
2527,不好吃 不新鲜 凉菜都没搬均匀 差评,Not Mentioned,Not Mentioned,Not Mentioned,Negative,Negative
2529,味道还可以吧，菜量没以前大了，服务也不好了，菜上的特别慢，可能是人多也可以理解吧，暂时没有再去的欲望了……,Not Mentioned,Negative,Not Mentioned,Not Mentioned,Neutral
2543,一直是它家忠实的食客，菜品一直都好吃，黄瓜拌猪头肉，疙瘩汤我的最爱，它家的羊肉小串也特别好吃，海鲜的价位便宜，想吃海鲜的可以去它家，我这次去有点不太愉快，服务员都不知道在忙些什么，点的菜竟然有没点上的，叫服务员拿筷子，半天才拿来，都10点多了，客不是很多，叫个服务员这么费劲，感觉乱哄哄的，不知道服务员在忙什么！,Not Mentioned,Negative,Positive,Not Mentioned,Positive
2544,再也不去了，老板人也不好,Not Mentioned,Negative,Not Mentioned,Not Mentioned,Not Mentioned
2547,老店，老去，味道如常，菜品确实应该提升了改进了，如果老这样走粗放的路线，确实就不想再去了。有的食材不新鲜，腰子处理的不干净，异味很大！,Not Mentioned,Not Mentioned,Not Mentioned,Negative,Neutral
2548,"先说下6点在网上排的队，前面有50桌，等到快8点才吃上，这就能看出来他家有多火了。
       环境还可以，满屋的啤酒瓶子，倒是挺有特色，如果想要安静的吃点饭聊聊天就别赶节假日去，因为排队的人多，会有点吵。
       最后说下菜品，味道中规中矩，吃了椒盐皮皮虾 辣炒小人仙 蒜蓉生蚝 扇贝 烤鲍鱼 烤串 饺子，推荐蚬子馅饺子和烤鲍鱼，椒盐皮皮虾稍有点咸，个人感觉这个吃法不是很喜欢。整体吃完没有太惊艳的感觉，海鲜倒是都很新鲜，到大连为了吃海鲜的可以试一下。 #烤鲍鱼# #鱼籽肠#",Not Mentioned,Negative,Not Mentioned,Negative,Positive
2550,服务现在越来越差了，就知道在那站着唠嗑，酒库里有冰酒，服务员就说没有，闲天涯瓶盖钱少呗，结账时候团购，先给现金结账的买单，怎么团购就是***么？最后退酒还没给退，真是无语了！！！程老板，该抓一抓啦,Not Mentioned,Negative,Neutral,Not Mentioned,Not Mentioned
2552,不知道是肉没化透还是怎么回事，就是上来的烤串好像还有血水,Not Mentioned,Not Mentioned,Not Mentioned,Not Mentioned,Negative
2556,好吃极了，鲍鱼烤的鲜美，海胆鲜嫩，很平常的疙瘩汤也做的好吃极了，就是等待的时间比较长，来过了才理解，那是因为菜品确实好吃呀，所以人才会如此之多，孩子到现在还念念不忘正红旗海鲜烧烤大排档，下车再到大连还是必须去吃的,Not Mentioned,Negative,Not Mentioned,Not Mentioned,Positive
2558,提前预定的包间，饭店既然没核对客人把包间让别人占了。给朋友过生日弄成这样十分不开心，最后给我们安排到地下包间，没有烤炉，说是烤好上来，凉了再帮我们烤，但后来让服务员加热根本没有人理。要了疙瘩汤半个小时没上来，追问下说没点上。菜味道也一般，同等价位的烧烤太多了，没什么特别。要是特别，就是特别不负责！信用问题！服务跟不上！约人吃饭千万别在这儿，太不靠谱！,Not Mentioned,Negative,Not Mentioned,Not Mentioned,Neutral
2560,一直去它家吃饭，菜的味道做的好，它家的价位本来就便宜，还有团购，太实惠了，海鲜也不贵，价格很便宜，疙瘩汤没有以前做的好了，一股太多了，两个人吃太浪费了，建议有小股就好了，这次去要的海螺有沙子，是不是没洗就煮可了，是不是忙忘了，不管怎么样，兜喜欢它家，菜做的地道，推荐给大家，以后会一直去的，服务特别的好。,Not Mentioned,Positive,Positive,Negative,Positive
2564,味道不错，菜品也新鲜，就是价格有些贵,Not Mentioned,Not Mentioned,Negative,Not Mentioned,Positive
2565,上菜比较慢，服务一般，菜味不错，质量也好,Not Mentioned,Negative,Not Mentioned,Not Mentioned,Positive
2568,虽然九点多去还排了好长时间队，但是值了，虽然只有两个人，给我们排了一个六人桌，我们以为外面还有那么多人一定会让我们拼桌，结果没有！特别好！品种很多，海鲜美味又新鲜，可惜我们只有两个女生，吃不了多少，想点很多种但是怕吃不完，事实是没点几种也没吃完，鱼子香肠，烤鱿鱼，麻辣小海鲜，烤虾，最棒的是扇贝，太好吃了，而且不贵，点了一堆用美团优惠支付才200块钱，把照片发到朋友圈成功地让一票朋友流下了口水哈哈哈哈哈哈~推荐大家去！,Not Mentioned,Negative,Positive,Not Mentioned,Positive
2572,要说真话么？口味真一般，我是看点评评论去的，去一吃，不难吃，也不好吃。一般 真的一般 希望大家不要被忽悠，绝对没有评论里说的那么好吃，现在的评论也是不负责任的。况且店里的生意也不太好，口味一般，价格略贵。我怀疑评论是刷单刷的....,Not Mentioned,Not Mentioned,Negative,Not Mentioned,Neutral
2581,烧烤的味道不错，蒸蚬子味道也不错，但是虾里面好多泥巴，蚬子里面粑粑也很多，生蚝里面也是，价格也有点贵的不划算，价格可以贵，但是食材实在不值那个价，进门时服务员推荐了西瓜汁，也是赖我们自己，看到牌子上饮料最贵的也就四十左右，结果就要了，问服务员西瓜汁多少钱，也没告诉我们，就说是现榨的很新鲜，本以为西瓜汁也就二十多，毕竟一个西瓜能多少钱，更何况是一壶西瓜汁呢～～结果结账告知49西瓜汁，我真的不知道是故意坑我们外地游客，还是所有人都坑，晚上见到了路边摊，吃了好多海鲜，也都是活的，味道非常好，还很实惠～～这是在大连的第一天，对大连环境很赞叹，对大连人们好失望～～～～从早到晚被坑，早上到了大连，吃了个早饭，一屉包子两碗粥，55元，关键是那包子真难吃，基本没馅，不过在大连火车站，自己去的，被坑算是活该把，毕竟没问价～～然后上了导游的车，说好的旅游线路都没有，结果告知每人380元，否则基本就在车上等别人把，交了钱，说是三个大景点，结果呢，一个是看了很难看的人妖与女人节目表演，一个是玩4D游戏体验，另一个是潜艇内部拍照加上潜艇航行模拟，逗比，被坑的我都***了，结果晚上吃饭，西瓜汁，真的，真的要这么坑么,Not Mentioned,Negative,Negative,Positive,Neutral
2585,味道一般，价格不便宜，服务也一般,Not Mentioned,Neutral,Negative,Not Mentioned,Neutral
2591,环境服务挺好的 味道有些腻 海鲜价格太高了,Not Mentioned,Positive,Negative,Positive,Neutral
2592,菜品味道好的没的说，只是服务员的服务态度极差！太差劲了！,Not Mentioned,Negative,Not Mentioned,Not Mentioned,Positive
2597,怪不得人少了，菜品无特色还贵！,Not Mentioned,Not Mentioned,Negative,Not Mentioned,Neutral
2604,辣炒小海鲜太好吃了，辣炒黄蚬有沙子，还有烤羊肉串，烤多春鱼，烤了好多东西都很赞，怪不得有那么多排号等着吃的人，就是贵了点,Not Mentioned,Not Mentioned,Negative,Negative,Positive
2611,东西不错，就是服务有点差，没素质！上菜得时候直接落在食物得盘子上,Not Mentioned,Negative,Not Mentioned,Not Mentioned,Not Mentioned
2612,去他家要买单时候就告诉不能叠加使用、他家的经理真是无比恶心、问了好几遍 花了多了 就是不能两次买叠加、恶心！差评 那个挺瘦高单眼皮的经理 特别势力、不停的鼓动 这样的经理赶紧辞了吧,Not Mentioned,Negative,Not Mentioned,Not Mentioned,Not Mentioned
2616,太贵了，麻辣螃蟹味道很好，炒蚬子也不错，海胆什么的，价格贵，也不好吃,Not Mentioned,Not Mentioned,Negative,Not Mentioned,Neutral
2617,生蚝29元一个，和鲍鱼一个价格，感觉比其他地方贵出太多。,Not Mentioned,Not Mentioned,Negative,Not Mentioned,Not Mentioned
2626,正宗大连烧烤风味。量适中，咸淡适中。只是餐厅内吸烟的人太多，破坏了环境。,Not Mentioned,Not Mentioned,Not Mentioned,Negative,Positive
2630,口味不错 经常带朋友来 就是价格有点小贵,Not Mentioned,Not Mentioned,Negative,Not Mentioned,Positive
2633,有点偏贵，味道凑合，服务感觉很烂，不是特别满意。,Not Mentioned,Negative,Negative,Not Mentioned,Neutral
2637,总的来说价格有些贵，没有什么特别好吃的，都是炒作,Not Mentioned,Not Mentioned,Negative,Not Mentioned,Neutral
2638,可能人多的原因给我上错了3次菜，还好我大气都接受了,Not Mentioned,Negative,Not Mentioned,Not Mentioned,Not Mentioned
2641,味道还可以，国庆人好多，有点跟不上服务,Not Mentioned,Negative,Not Mentioned,Not Mentioned,Positive
2643,都好，就是人太多，去晚了就排队去吧，价格应该挺合理吧，旅游为了海鲜可以去试试,Not Mentioned,Negative,Neutral,Not Mentioned,Not Mentioned
2644,东西不错的，就是价钱也是老霸气了！！！！！,Not Mentioned,Not Mentioned,Negative,Not Mentioned,Not Mentioned
2648,上菜速度太慢，可能是客人太多了。味道还行,Not Mentioned,Negative,Not Mentioned,Not Mentioned,Positive
2650,味道还是挺不错的，只是价格有点小贵。去吃饭的人很多，我们排队排了半个多小时才吃到的，加餐水饺又等了半个多小时。,Not Mentioned,Negative,Negative,Not Mentioned,Positive
2652,人很多，小位置没有了，味道很好，喜欢海螺大水饺还有羊排串，鲍鱼海鲜都很新鲜，走之前会再去吃一次的,Not Mentioned,Not Mentioned,Not Mentioned,Negative,Positive
2663,味道不错，排队人很多，就是偏贵些,Not Mentioned,Negative,Negative,Not Mentioned,Positive
2668,很难吃  来大连旅游冲着你家名声来的  这么晚了还得排位等座以为多好吃呢   别的不说  螃蟹里面都黑了有异味  要求换了一个还是坏的  可笑的是服务员还是你们哪个服务人员跟我说吃不坏  要是只为了吃不坏而不是好吃的话你家店不用开了 不知道是不是因为我们就俩女的还一听就外地口音把死螃蟹卖给我们  希望开饭店的不要总想着投机取巧  完全实话实说  别的我觉得不好吃辣的没味有的太咸是我跟你们饭店口味不合  我不会说你们做的不好 但是螃蟹的事儿真够恶心人的,Not Mentioned,Negative,Not Mentioned,Negative,Negative
2670,东西好吃，但是服务好差，并不是因为忙，是因为点餐的人各自顾各自的客人，互相不管,Not Mentioned,Negative,Not Mentioned,Not Mentioned,Positive
2676,就是位置不算好找，服务态度很好，东西很新鲜，总体很满意～,Negative,Positive,Not Mentioned,Not Mentioned,Not Mentioned
2681,口味很好，就是排队太久了，建议,Not Mentioned,Negative,Not Mentioned,Not Mentioned,Positive
2682,没有想象中的好吃，有点贵，海胆太贵了，可能过节吧,Not Mentioned,Not Mentioned,Negative,Not Mentioned,Neutral
2683,点的虾有死的，退了一半的钱，服务要加强的。,Not Mentioned,Negative,Not Mentioned,Not Mentioned,Not Mentioned
2685,据说特别火，还不错，只是海鲜有点小贵。,Not Mentioned,Not Mentioned,Negative,Not Mentioned,Not Mentioned
2690,味道很好，海鲜新鲜，人挺多的，坐在门口桌不太满意,Not Mentioned,Not Mentioned,Not Mentioned,Negative,Positive
2692,他家的菜品，太咸了，口味太重了，无论是菜还是烤串，难吃到不难吃，,Not Mentioned,Not Mentioned,Not Mentioned,Not Mentioned,Negative
2694,不是很喜欢口味，有点太仓促了，口味偏生和咸得有点苦了,Not Mentioned,Not Mentioned,Not Mentioned,Not Mentioned,Negative
2699,上菜慢，服务员喊都喊不动，，，,Not Mentioned,Negative,Not Mentioned,Not Mentioned,Not Mentioned
2708,味道可以，只是消费较高。两个人吃了四百多,Not Mentioned,Not Mentioned,Negative,Not Mentioned,Positive
2709,也是看别人推荐的，不过客流量是多的，生意有点好，不过自我觉得菜的量不多，是不是看人数来的呀，我们点的贝类上来就半盘子,Not Mentioned,Not Mentioned,Not Mentioned,Not Mentioned,Negative
2710,人多的时候就是上菜有点慢 但是很好吃也很实惠 推荐烤护心肉！很好吃,Not Mentioned,Negative,Positive,Not Mentioned,Positive
2714,味道不错，服务和环境有待加强，支持！！！,Not Mentioned,Negative,Not Mentioned,Neutral,Positive
2716,太差太差了，除了便宜也没什么啦，就是服务差，菜品差，不会再去了,Not Mentioned,Negative,Positive,Not Mentioned,Negative
2717,来大连旅游，在酒店附近搜索到这家海鲜烧烤。位置很好找，店里生意很好，就是去的那天空调坏了，还安排坐楼下，真是热，吃一顿饭喝了几瓶冰饮。感觉烧烤的味道还可以，就是价格比较高。,Positive,Not Mentioned,Negative,Negative,Positive
2721,??差！差！差！各种差！服务员态度恶劣，一进门根本没人管，跟服务员说两个人 理都不理你 只是告诉去楼下吧 去到楼下之后 也是没人管 自己找地方坐 然后自己记得桌号去楼上点菜 点完菜回到楼下发现漏水 要求换桌子 那个男的服务员又是脸臭 告诉不能换 说换了麻烦 菜就乱了…说是要我等一下 结果很久也没回来 就要我们站在那里等…已经火冒三丈了 折腾了很久 终于换了桌子 点了两瓶冰红茶 催了5次 都没上 最后我直接要经理来 最后半个多小时才上…菜品一般 烤串上桌就是凉的，真的不明白为什么会有好评 根本没有服务还摆一副臭脸…第一次来也是最后一次！ 劝大家还是不要去了 吃不好还生气！,Not Mentioned,Negative,Not Mentioned,Negative,Neutral
2722,天天门口经过，今天和家人一起，晚间饭口时间上菜很乱，没有合理安排，我都要结账还有个菜没上，味道上不是满意，只能说点的海胆还不错了！牡蛎做的味道太差，可惜了好食材！,Not Mentioned,Negative,Not Mentioned,Not Mentioned,Neutral
2724,主要就是上菜慢 太慢 特别慢 慎重选择,Not Mentioned,Negative,Not Mentioned,Not Mentioned,Not Mentioned
2728,菜品不错，环境不错，服务不错，就是折扣小，继续努力.,Not Mentioned,Positive,Negative,Positive,Positive
2730,服务差，喝酒还收开瓶费，真不怎么样,Not Mentioned,Negative,Not Mentioned,Not Mentioned,Not Mentioned
2731,很好吃 很新鲜 就是有点小贵 哈哈哈,Not Mentioned,Not Mentioned,Negative,Not Mentioned,Positive
2732,"非常差。海鲜不怎么好吃。服务也差。服务员手上还有纹身。跟社会大哥差不多
",Not Mentioned,Negative,Not Mentioned,Not Mentioned,Negative
2734,人多嘴杂，乱哄哄服务差，生意越大，服务也差，叹号,Not Mentioned,Negative,Not Mentioned,Not Mentioned,Not Mentioned
2736,环境不错，都是啤酒瓶装饰。上菜太慢。来大连玩晚上走到了就在这吃点东西。点了野生大虾，骨肉相连，排骨，培根金针菇。疙瘩汤不错。鱼丸特别难听特别难吃特别难听。都是面,Not Mentioned,Negative,Not Mentioned,Positive,Neutral
2738,护心肉真的挺好吃，海鲜也可以。就是量少又贵，旅游值得去吃。,Not Mentioned,Not Mentioned,Negative,Not Mentioned,Neutral
2741,服务员太死心眼儿了，人多太忙，服务差,Not Mentioned,Negative,Not Mentioned,Not Mentioned,Not Mentioned
2744,菜品一般，饭还是冷的，服务基本没有，上菜可以说没有时间观念，不建议大家用餐，基本是气饱了。,Not Mentioned,Negative,Not Mentioned,Not Mentioned,Neutral
2759,好咸好咸的味道啊！尤其是饺子，把小孩都咸哭了！结账时乱七八糟的，多加了好几样在账单上，算了几次才算对，管理有问题啊！,Not Mentioned,Negative,Not Mentioned,Not Mentioned,Negative
2772,海鲜比较新鲜，价格稍高，强烈推荐烤虾。,Not Mentioned,Not Mentioned,Negative,Not Mentioned,Positive
2776,不是一般的火?啊，排了好长时间的号，不过值，味道真是鲜美，尤其海蟹，有机会还会去的。,Not Mentioned,Negative,Neutral,Not Mentioned,Positive
2777,晚上和同学看完话剧来的，由于太晚，想起来他家应该是24小时营业，就过来了。我同学来过好几次，我是第一次来，先说说环境，装修很有特点，都是空酒瓶，哈哈。环境有些嘈杂，因为人太多了。没想到在延安路上还藏着一个这么大的烧烤排挡，没想到里面那么大。串的味道还不错，烤牛舌吃不太惯，推荐腌制鸡胗，烤的香香的，还有大虾、土豆丝、排骨串都很不错，价格还不贵，我和我同学两个女生，用一张团购券，刚好。但是他家团购不给开发票，我问了一句，她们收银小姐就不乐意了。。。以后想吃串还会考虑来你家的，如果可以，换个收银吧，哈哈,Not Mentioned,Negative,Neutral,Neutral,Positive
2782,"房间热、吃个饭跟逛菜市场似的、
服务态度不好、不好吃、卖的还贵、
啤酒都没有凉的！
让服务干点啥跟欠他钱似的！
排好就排了半个小时、
点餐也没有理、得追着服务员……
妹的、打死也不来啦……",Not Mentioned,Negative,Negative,Negative,Negative
2786,等咯半个多小时，但味道真心可以，分量稍微少咯点，其他都很满意,Not Mentioned,Negative,Not Mentioned,Not Mentioned,Neutral
2789,人多上菜慢、服务员明显不够用、其他还不错,Not Mentioned,Negative,Not Mentioned,Not Mentioned,Positive
2792,海鲜种类还算多，基围虾没有，由于生意比较火上菜太慢，催五六遍都上不来，价格还算可以,Not Mentioned,Negative,Neutral,Not Mentioned,Not Mentioned
2794,其实一般，他们家是一个开车师傅介绍的，朋友说味道还行，但我觉得一般，服务，真的是，太差，价格还行，就是一般饭店，也没有他们说的多么好，多么神奇,Not Mentioned,Negative,Neutral,Not Mentioned,Neutral
2801,以前吃烧烤一直在他家，东西很好吃，就是上菜有点慢,Not Mentioned,Negative,Not Mentioned,Not Mentioned,Positive
2804,不错，以后再来，消费略高了一些……,Not Mentioned,Not Mentioned,Negative,Not Mentioned,Not Mentioned
2811,味道还不错，生蚝挺好吃，就是鱿鱼糊了，人太多，上菜慢了点,Not Mentioned,Negative,Not Mentioned,Not Mentioned,Neutral
2813,就是价格有些小贵 不差钱的朋友可以去 很新鲜,Not Mentioned,Not Mentioned,Negative,Not Mentioned,Not Mentioned
