ID,reviews,location,service,price,environment,dish
5,菜的味道还算可以，环境太差。大夏天的本来想吃个风凉的午餐，可是到店里点完餐了之后觉得很热，问服务员有没有打开空调，服务员说饭店里的空调是商场里的中央空调，热得要命，吃完饭了浑身全是汗，不会再去了。热热,Not Mentioned,Neutral,Not Mentioned,Negative,Neutral
6,一如既往，价格也一路上升。没办法，在大连吃粤菜就是这样。可是也不能去坐飞机去广州吧！,Not Mentioned,Not Mentioned,Negative,Not Mentioned,Not Mentioned
21,环境一般，面积不大，人员服务特别好，上菜也挺快的！菜量小，味道也一般，相对来说价格有点小贵！我点了招牌炒饭很一般，吃起来跟外面十几块钱的炒饭没区别，云吞面的汤挺好喝的，很鲜，咖喱鱼丸很小，总体不是很满意,Not Mentioned,Positive,Negative,Neutral,Negative
49,我感觉味道还行，就是服务员也不提醒你有优惠券，买完单才知道有点吃亏,Not Mentioned,Negative,Negative,Not Mentioned,Positive
69,因为没下美团，看到美团有优惠，就现下了一个，所处位置网不好，就耽误了点时间，服务员跟催债似的，还没吃就一遍遍来催，还能不给你付款么？！最后扫美团券，服务员直接把手机抢去，嘴还滋吧了一声，随后更是点开了我的微信，经过我同意了吗！还问我剩下18元怎么付，你是猪嘛？！不会扫码，难怪长得跟头猪似的，用了这么多年美团，体验最差的一次，真是差到家了,Negative,Negative,Neutral,Not Mentioned,Not Mentioned
87,在大连，这里是比较大众的粤菜馆，但是比广州当地贵很多的样子，没办法，空运吧？ #鲜虾云吞# #梅菜蒸草鱼# #猪软骨# #红豆双皮奶# #芒果冰沙#,Not Mentioned,Not Mentioned,Negative,Not Mentioned,Not Mentioned
89,这次做的实在是太一般了，牛腩萝卜饭的饭夹生先不说，为什么牛腩还有腥味？米里含的水分太多，和每次点的实在不能对比！,Not Mentioned,Not Mentioned,Not Mentioned,Not Mentioned,Negative
98,等餐人特别多 没有感觉到什么东西特别好吃 但是就是等的人特别多 凑个热闹,Not Mentioned,Negative,Not Mentioned,Not Mentioned,Neutral
113,菜品味道不错，就是餐厅人多，排队,Not Mentioned,Negative,Not Mentioned,Not Mentioned,Positive
145,好久没吃尖沙嘴了，今天和闺蜜在和平这边逛街，正好和平这边有一家尖沙嘴，就是感觉不太好找 位置不是很明显，和平这家尖沙嘴餐厅很大，环境还可以！特别喜欢它家的云吞面 味道很正宗 ，叉烧包和其它港式茶餐厅的味道都差不多的 ，今天第一次点尖沙嘴炒饭 感觉还行，但还是更喜欢面！#尖沙嘴炒饭# #叉烧包# #鲜虾云吞面#,Negative,Not Mentioned,Not Mentioned,Positive,Positive
146,好久没吃尖沙嘴了，今天和闺蜜在和平这边逛街，正好和平这边有一家尖沙嘴，就是感觉不太好找 位置不是很明显，和平这家尖沙嘴餐厅很大，环境还可以！特别喜欢它家的云吞面 味道很正宗 ，叉烧包和其它港式茶餐厅的味道都差不多的 ，今天第一次点尖沙嘴炒饭 感觉还行，但还是更喜欢面！#尖沙嘴炒饭# #叉烧包# #鲜虾云吞面#,Negative,Not Mentioned,Not Mentioned,Positive,Positive
147,好久没吃尖沙嘴了，今天和闺蜜在和平这边逛街，正好和平这边有一家尖沙嘴，就是感觉不太好找 位置不是很明显，和平这家尖沙嘴餐厅很大，环境还可以！特别喜欢它家的云吞面 味道很正宗 ，叉烧包和其它港式茶餐厅的味道都差不多的 ，今天第一次点尖沙嘴炒饭 感觉还行，但还是更喜欢面！#尖沙嘴炒饭# #叉烧包# #鲜虾云吞面#,Negative,Not Mentioned,Not Mentioned,Positive,Positive
164,不错 就是有点小贵～但的确很正宗,Not Mentioned,Not Mentioned,Negative,Not Mentioned,Positive
188,口味依然，感觉菜量越来越少了。,Not Mentioned,Not Mentioned,Not Mentioned,Not Mentioned,Negative
192,还好吧，就是人比较多，显得挺乱的。,Not Mentioned,Not Mentioned,Not Mentioned,Negative,Not Mentioned
199,什么都不错 只是人太多 环境比较嘈杂 但是口味不受影响,Not Mentioned,Not Mentioned,Not Mentioned,Negative,Neutral
206,挺好吃的  就是有点贵  桌上没纸巾差评,Not Mentioned,Not Mentioned,Negative,Not Mentioned,Positive
212,味道就不说了。环境也不说了。老主户了。,Not Mentioned,Not Mentioned,Not Mentioned,Negative,Not Mentioned
238,好吃，经常带孩子去，有点小贵，现在坏种堤少了,Not Mentioned,Not Mentioned,Negative,Not Mentioned,Positive
242,叉烧及酱鸭好吃，榴莲酥很腻～～～新品牛杂真好吃，但各店量不一样，沃尔玛这个店少～～店内环#鲜虾云吞##叉烧肉#境该换新了，皮椅子直调渣渣～～～醉了，弄裤子了……点菜的服务生真不好，哪个店都差不多，口音是广东来的，态度真心不好。以为自己来当皇后的吗？,Not Mentioned,Negative,Not Mentioned,Negative,Neutral
246,非常满意，冰红茶能添杯就好了，总不够喝的,Not Mentioned,Not Mentioned,Not Mentioned,Not Mentioned,Negative
252,不错，团购活动的力度小了，再恢复或优惠多多更好。,Not Mentioned,Not Mentioned,Negative,Not Mentioned,Not Mentioned
264,真是好久好久没吃尖沙咀了，跟朋友在和平广场附近，中午不知吃什么好，于是在我的提议下来了这里~人依然很多呀，小等了一会儿才有位子，俩人馋肉了，梅菜排骨顶上，刚才吃了些别的不太饿，便再只点了主食~话说排骨虽说比当年少了几根，不过味道依然，可惜没点米饭浪费了梅菜~干炒牛河变化特别大，不仅卖相逊色了很多，味道也不那么精艳了，不过料还是很丰富的哈，觉得牛肉比再早多了那么几丢~芝士h肉酱面完全是因为小伙伴最近吃得太寡淡想换口味点的，结果被腻到了，只好我出手善后了~话说，那些出了好久,Positive,Negative,Not Mentioned,Not Mentioned,Negative
265,真是好久好久没吃尖沙咀了，跟朋友在和平广场附近，中午不知吃什么好，于是在我的提议下来了这里~人依然很多呀，小等了一会儿才有位子，俩人馋肉了，梅菜排骨顶上，刚才吃了些别的不太饿，便再只点了主食~话说排骨虽说比当年少了几根，不过味道依然，可惜没点米饭浪费了梅菜~干炒牛河变化特别大，不仅卖相逊色了很多，味道也不那么精艳了，不过料还是很丰富的哈，觉得牛肉比再早多了那么几丢~芝士h肉酱面完全是因为小伙伴最近吃得太寡淡想换口味点的，结果被腻到了，只好我出手善后了~话说，那些出了好久,Positive,Negative,Not Mentioned,Not Mentioned,Negative
269,去的是百年城店，可以说经常去，因为地理位置比较方便，在青泥洼桥百年城地下一层西南角，屈臣氏对面。菜品质量不错，服务员素质也可以说是比较高的，高效和气。他家一直人气很高。虽然地下一层西南角不是很显眼，但人流不断，络绎不绝，基本都是回头客。价格虽然不便宜，但质量的确不错。咖喱牛腩饭是老公的最爱，他家的咖喱尤其浓厚，味道也正，让人欲罢不能，每次都把咖喱汁吃干净了。奶茶更是现煮，味道微苦。尖沙嘴炒饭料足看得见，大颗的虾仁很新鲜，虽然整体味道也还可以，但是赶不上xx贺家的好吃，总觉得少了点什么。,Positive,Positive,Negative,Not Mentioned,Positive
272,口味很好！服务一般！上菜比较慢！,Not Mentioned,Negative,Not Mentioned,Not Mentioned,Positive
276,去百年城吃的，可能过了午餐时间，服务员的服务不太好，菜的口味一般，云吞依旧好吃。,Not Mentioned,Negative,Not Mentioned,Not Mentioned,Neutral
288,中午吃饭的好去处…不过最近团购力度不给力…,Not Mentioned,Not Mentioned,Negative,Not Mentioned,Not Mentioned
295,晚上8点去的，到的时候店内人还不少，但是好多菜都没有了，点了几次。鲜虾云吞依然是必点的，好吃，老妈很喜欢。本来要了双拼饭但是没有了，所以要了份叉烧，48，就10片肉，性价比不怎么样，下次不会在点了。开了发票，商家比较痛快，不像其他地方，经常是各种理由。,Not Mentioned,Positive,Negative,Not Mentioned,Positive
298,大连最早开业的茶餐厅，那时候还在上中学，从那时候就爱吃，转眼好多年过去了，大连现在有好多家这张模式的茶餐厅了，就连尖沙嘴也有6家分店了。这次去的是百年城新开的店，在底下一层，屈臣氏旁边，地方挺大的，但是电话没用信号，无法接打电话，挺不方便的。晚上6点来钟去的，人不是特别多，但是也挺忙的，就要打包带走了，店里好多送餐的，在附近上班订餐还在很方便的。点餐的美女服务员，虽然很忙，但是还是很热情，知道我打包还是给倒了杯水。要了一份超爱的咖喱牛肉，他家的咖喱真的很受，不同于日式和印度咖喱，很厚的，特别香。土豆也挺面的，但是牛肉不是很烂糊，有点塞牙。52一份小贵，量不是很大，肉也不是很多，但是真的很好吃。,Positive,Positive,Negative,Positive,Neutral
300,环境不错，价格略贵，可以经常来。,Not Mentioned,Not Mentioned,Negative,Positive,Not Mentioned
305,一直很喜欢吃他家的菜，很好吃，就是价格有点小贵，饮品很好喝，一样，都是有点贵。,Not Mentioned,Not Mentioned,Negative,Not Mentioned,Positive
307,中午去吃的，人挺多，需要等位，大概10分钟吧，坐了二人桌，有点儿挤，在去之前想吃炸酱面来着，去了就忘了，点的咖喱牛肉饭，以前有套餐，现在没有了，不太划算，用的团购券，服务挺好，加水很及时的，下次再去点炸酱面吃吧！总体不错！,Not Mentioned,Positive,Negative,Negative,Positive
308,菜色一直都是很棒的 窝蛋肥牛 榴莲酥 干锅花菜 都是最喜欢的 唯一不舒服的是 周末不能用美团了 真是 看生意好了 就开始刁难顾客了,Not Mentioned,Negative,Not Mentioned,Not Mentioned,Positive
311,百年城的尖沙嘴和同学们聚会来此，饭菜味道很好，人非常多。由于人多，显得环境有些吵杂，其他方面还有是不错的。,Positive,Not Mentioned,Not Mentioned,Negative,Positive
312,百年城的尖沙嘴和同学们聚会来此，饭菜味道很好，人非常多。由于人多，显得环境有些吵杂，其他方面还有是不错的。,Positive,Not Mentioned,Not Mentioned,Negative,Positive
313,百年城的尖沙嘴和同学们聚会来此，饭菜味道很好，人非常多。由于人多，显得环境有些吵杂，其他方面还有是不错的。,Positive,Not Mentioned,Not Mentioned,Negative,Positive
316,尖沙嘴百年城店呐！什么时候开始沦落到这步田地了啊？！16:30下午茶时间刚过，门可罗雀。虽然现在茶餐厅开了好多家，竞争激烈，但失利了，还是有得查找一下自身的原因吧！菜牌改了，最爱咖喱鱼蛋面已经无处可寻。好在询问了店员说可以点。以前的套点优惠只剩下饭配饮料可选，可选择的比以前少了很多#港式奶茶#，汤和沙拉的搭配都没有了。好在有美团的优惠，就是懒得走，不然真的要转身去千日贺啦！有图有真相看菜品吧！服务员挺热情，就是太心急，网络比较慢就急着帮***作，我也不像不会用手机的人吧！好几次都要从我手里把手机拿过去，我可是支付宝各种在线呐！看我没给，态度还有点轻蔑，妹子啊！不是不相信你，实在是不能给你啊！补充一下吃过之后的赶脚，明明在点之前询问过店员，里面是不是大颗的她家以前那种鱼蛋而不是单独当小吃买的10元一份的那种小鱼蛋，结果鱼蛋明显缩水很多而且很咸，喜欢鱼蛋的注意了，她家以前有两种鱼蛋26元6颗的大鱼蛋现在已经从菜牌上消失了，估计以后也吃不到了，咖喱味道没变，没有了大鱼蛋，33元一份的鱼蛋面就不值了。奶茶还是很好喝的，赞,Not Mentioned,Neutral,Negative,Not Mentioned,Neutral
323,下午茶品种太少，要不是团购便宜，去他家还是小贵,Not Mentioned,Not Mentioned,Negative,Not Mentioned,Not Mentioned
325,港餐一直还是喜欢吃尖沙咀，味道好，但是感觉现在菜量少了。,Not Mentioned,Not Mentioned,Not Mentioned,Not Mentioned,Negative
330,喜欢他家的云吞，和现磨咖啡，咖啡真心好喝，云吞面也不错，云吞就是鲜虾云吞，面软而不烂，咖喱鱼蛋中规中矩，金桔柠檬也就是那味，冰咖啡感觉像速溶的，性价比不高，现磨咖啡感觉不错，他家的薯条不错，外脆内软，不过量比以前小了,Not Mentioned,Not Mentioned,Negative,Not Mentioned,Neutral
331,口味还是不错的，就是量不大，人多等的时间比较长。#梅菜排骨煲##XO酱干锅有机菜花##口水鸡#,Not Mentioned,Negative,Not Mentioned,Not Mentioned,Neutral
335,中午十二点半去的刚好是饭点，很多人在排队，不过挺快的，上菜的速度也很快，在北方能有这么正宗的港式茶餐厅，口味也很正宗，两个人点了五份，吃的刚好，对于学生来说就是有点小贵，只能偶尔吃一下。在这边竟然能喝到金桔茶真是没想到。#干炒牛河##鲜虾肠粉##冰桔茶#,Not Mentioned,Positive,Negative,Not Mentioned,Positive
379,很是好吃！中午人就多！上菜速度快！......两个人点了叉烧双拼没有吃完！这次没点咸鱼茄子饭还要云吞面，喜欢榴莲酥……双皮奶也好，比较接近港式茶餐厅的感觉，就是有些菜小贵总体还不错！值得推荐给朋友#尖沙嘴榴莲酥# #白灼芥蓝# #蚝油生菜# #咖喱牛腩煲# #烧味双拼# #咖喱鱼蛋# #咸鱼茄子饭# #秘制叉烧包# #鲜虾云吞面# #干锅有机花菜# #原味双皮奶# ......,Not Mentioned,Positive,Negative,Not Mentioned,Positive
387,味道还那样，服务还不好。装修也没人好还意思不停涨价，美团还停了！没啥说的了，以后去别的茶餐厅。,Not Mentioned,Negative,Negative,Neutral,Neutral
398,菜品应该更新，味道还不错，算正宗。就是环境与价位不符，在三年前来吃就是这种装修风格，当时感觉还不错，但三年后还是一样，有些失望。服务人员偏老龄化，没有经过正规的培训，不会给客人带来更多的惊喜。总体来说，如果想吃粤菜还是可以尝试的。,Not Mentioned,Neutral,Negative,Neutral,Positive
400,港式尖沙嘴茶餐厅绝对是大连港式茶餐厅里最好吃的，已经吃了十几年了，最近老想吃它家的咖喱牛腩 中午在百年城吃的一进去好热啊 不知道空调多少度 吃到一半直流汗啊 太热了 要的咖喱牛腩饭38元 里面牛腩不少啊 六七个大块 不过有的牛腩有点硬 看着像放时间长了 不新鲜 蛋挞也只喜欢它家的 桌上还有小咸菜 味道还可以吧。莲酥。满大街的榴莲酥买一斤送半斤，但我还从来没有吃过。他家的榴莲酥里面好像是真的榴莲肉，外面脆脆的，点了一个尝尝鲜，刚做出来，吃起来挺不错的。鲜虾肠粉。电视里经常演的一道菜。我们就尝鲜点了一份。肠粉是大米酱蒸熟。说实话就是尝尝鲜，吃不惯。知道是怎么一回事就好了。鲜虾云吞。这个很赞。强烈推荐。每一个云吞里面都有一个大大的虾仁。非常好吃的。汤也很鲜美。蒜蓉开边虾。这道菜的量有点少。很多饭店都能做，和别的饭店比起来，他家菜的量算很少了。只有别家的一半。味道是一样的。蜜汁叉烧。哎哟我去，菜的量实在有点对不起他48的价格。上来时候浇上蜜汁，然后菜就咕噜咕噜沸腾了。食欲是有的。是他家招牌菜排在第一位的量实在少。不值。,Not Mentioned,Not Mentioned,Negative,Not Mentioned,Neutral
403,一直喜欢他家，上菜快，离单位近，最主要方便，喜欢他家明炉烧鸭，重新装修后感觉价格有上调，不过还好吧，他家菜的味道都不错,Not Mentioned,Positive,Negative,Neutral,Positive
420,晚上8点去的，到的时候店内人还不少，但是好多菜都没有了，点了几次。鲜虾云吞依然是必点的，好吃，老妈很喜欢。本来要了双拼饭但是没有了，所以要了份叉烧，48，就10片肉，性价比不怎么样，下次不会在点了。开了发票，商家比较痛快，不像其他地方，经常是各种理由。,Not Mentioned,Positive,Negative,Not Mentioned,Positive
421,上菜速度很快，尤其喜欢鲜虾云吞，人一直是很多，只是团购不能用了，得去其他店用，,Not Mentioned,Positive,Negative,Not Mentioned,Positive
423,比较好吃，量比较小，但是两个人180能吃饱，要的肠粉挺好吃的，榴莲酥没有千日鹤的好吃，双拼还行，牛杂第一次吃更有味，鱼丸千万别要太难吃啦！猪软骨味道特别好，云吞嘛还可以！没有想象的好，去的百年城人挺多的，11点半后就要等位啦！建议早点去！服务还不错，总体不错！肠粉18元,Not Mentioned,Positive,Neutral,Not Mentioned,Negative
447,服务人员态度很好 很热情 也会推荐 餐厅的气氛给人的感觉是热闹不是安静,Not Mentioned,Positive,Not Mentioned,Negative,Not Mentioned
449,叉烧包的面真的太难吃了 不过小咸菜倒是不错,Not Mentioned,Not Mentioned,Not Mentioned,Not Mentioned,Negative
460,经常在他家吃饭，人很多需要排队，但是东西很好吃，味道不错。就是价格贵，要是能再便宜一点就好了。,Not Mentioned,Neutral,Negative,Not Mentioned,Positive
467,以前经常来吃的一家店，几乎周周都来.现在根本不去了，菜品几年如一日的从不更新，唯一更新的就是价钱，蹭蹭的涨价，一份套餐40多，还难吃，商家自己想想吧，老客们都跑了！可悲啊！,Not Mentioned,Not Mentioned,Negative,Not Mentioned,Negative
478,我得最爱，，还是那么好吃，，就是服务差点！！,Not Mentioned,Negative,Not Mentioned,Not Mentioned,Positive
481,百年城吃的，中午人多，排号要好久，服务员也都忙不过来。。味道还行，量比较少，2个人得点好几个菜才能吃饱。。有点小贵，即使是用上代金券。。,Not Mentioned,Negative,Negative,Not Mentioned,Negative
484,地理位置不好找，绕了好几圈才到。服务非常好，服务员热情友善。菜品好吃，云吞好吃，梅菜排骨好吃，木耳鲜虾滑蛋大份，量很足，价格合理，还会再去。,Negative,Positive,Neutral,Not Mentioned,Positive
492,基本把它家的饭菜甜品什么的都吃重复了，选择品种不算很多，但都是我们的最爱，成了家人每周必去的食堂。各方面都很满意，唯一不满意的就是每次小服务员都要急于没上菜就先结账。说这是规定。我们都要解释可能还要点些其他的才行。此外，它家的蛋挞和榴莲酥这么多次吃下来也不腻歪。,Not Mentioned,Negative,Not Mentioned,Not Mentioned,Positive
513,除了蛋挞其他的东西都越来越难吃了，价钱到一直再涨,Not Mentioned,Not Mentioned,Negative,Not Mentioned,Negative
516,尖沙嘴绝对大连茶餐厅最正宗，每次必点烧鸭，这次是黑胡椒烧鸭，皮酥肉嫩，还有咖喱牛腩，配着主食吃，简直是太美味了。就是环境一般，地方太小了，点了几样桌子就放不下了。人超级多，没办法，因为好吃，团购也不贵,Not Mentioned,Not Mentioned,Neutral,Negative,Positive
518,因为百年城装修，所以客人少了很多，周六竟然不用排队就吃上了。不过网络很差，手机基本一直处于无服务状态，wifi也是不好用的。点了4个菜，3个都是蒸菜，所以上菜速度会慢一些，不过服务员很贴心的做了提示。皮蛋瘦肉粥是最先上来的，很咸，皮蛋比之前少了很多。蚝油西生菜味道不错。金银蒜蒸娃娃菜蒸的火候不够，蒜香味也不足。扇贝蒸水蛋味道不错。梅菜蒸草鱼简直就是失败，梅菜特有的味道一点也吃不出来，草鱼头的部分没有处理干净，这种手艺还敢将这道菜作为招牌菜，简直就是砸招牌呀。总结：之前最爱尖沙嘴，现在是吃一次后悔一次。不过服务还是挺好的,Not Mentioned,Positive,Not Mentioned,Negative,Negative
547,好吃就是觉得菜品没有以前的量大了，价位有些降了，种类也比之前多了，味道真的不错,Not Mentioned,Not Mentioned,Negative,Not Mentioned,Positive
548,菜量越来越精致，适合减肥的女士用餐，服务员反应也不够及时,Not Mentioned,Negative,Not Mentioned,Not Mentioned,Positive
550,还不错，人挺多，服务跟不上，周末还不能团。,Not Mentioned,Neutral,Negative,Not Mentioned,Not Mentioned
573,腊味煲仔饭非常好吃，配碗汤就好了。。  梅菜炒油麦菜太咸，下次问问他家能不能做蒜蓉油麦菜。。芒果沙冰28元一杯好贵的说，味道倒是不错，口感也很细滑。。鱼头豆腐汤！！！要不要这么好喝！鱼头肉也很好吃，豆腐很嫩。,Not Mentioned,Not Mentioned,Negative,Not Mentioned,Positive
576,纯港式餐厅，人比较多，环境较嘈杂，但是菜的味道还不错。,Not Mentioned,Not Mentioned,Not Mentioned,Negative,Positive
581,很好很喜欢 环境很好就是人太多 有时候需要排队,Not Mentioned,Negative,Not Mentioned,Positive,Not Mentioned
583,最喜欢他家的榴莲酥，价格有些小贵。物价一天天在涨,Not Mentioned,Not Mentioned,Negative,Not Mentioned,Positive
593,去的时候赶上高峰，桌子两个人坐没地方放东西了，味道不错，鲜虾云吞对我来说略咸，芝士意面略油腻，蛋挞非常好吃，榴莲酥一般，总体满意。,Not Mentioned,Not Mentioned,Not Mentioned,Negative,Neutral
601,菜量比其他茶餐厅店少了些，而且味道一般般,Not Mentioned,Not Mentioned,Not Mentioned,Not Mentioned,Negative
611,也就肥牛饭还可以，粉肠和白切鸡不正宗，而白切鸡上毛都没拔干净。,Not Mentioned,Not Mentioned,Not Mentioned,Negative,Neutral
614,芝士海鲜h饭的米饭特别硬 都扔了,Not Mentioned,Not Mentioned,Not Mentioned,Not Mentioned,Negative
620,经常来尖沙嘴吃饭.很喜欢他家的红豆双皮奶每次来都必点的.这次点的黑胡椒鸭特别难吃特别腥不要点.可以点烧味双拼的烧鸭那个好吃.咖喱牛肉也不错还有鲜虾肠粉也很不错.两个女生吃的特别饱了唯独鸭子剩了很多实在太难吃了.,Not Mentioned,Not Mentioned,Not Mentioned,Not Mentioned,Negative
623,差评 菜都上了半个小时 催了两三遍才上米饭 简直没心情吃了,Not Mentioned,Negative,Not Mentioned,Not Mentioned,Negative
624,也不知道是岁数大的服务员比较二，还是负责电脑下单的人员比较马虎，明明点了鱼却忘了下单，等我们吃完才发现。哎～,Not Mentioned,Negative,Not Mentioned,Not Mentioned,Not Mentioned
636,周到，还是以前的味道，就是量小了，芒果也少了 #芒果西米露# #干锅花菜# #叉烧饭#,Not Mentioned,Not Mentioned,Not Mentioned,Not Mentioned,Negative
641,好吃??不贵，菜量少、多品尝一下。,Not Mentioned,Not Mentioned,Positive,Not Mentioned,Negative
655,口味服务环境都很好 就是稍微有点贵 可能大连物价就这样 甜品上得慢 而且有些水果没有,Not Mentioned,Neutral,Negative,Positive,Positive
662,团购涨价了。。团不团没什么意思了。,Not Mentioned,Not Mentioned,Negative,Not Mentioned,Not Mentioned
663,在青泥洼桥百年城地下一层，屈臣氏边上，特别不好找，现在百年城里面还装修，一股子怪味，位置还奇偏僻，特别不满意，店面很小很小。尖沙嘴的东西味道很好，点了两份鲜虾小馄饨，特别好这口，一口一个大虾仁，鲜美的汤，汤里面的虾皮少放点就好了，有点盖住虾的鲜味了。蜜汁叉烧肉很入味，就是好少呀。蚝油生菜很好吃，清淡脆爽。芒果西米露和蛋挞饭后甜点刚刚好。还好，不过店员的服装该换换，莫名的喜感，跟夏威夷似的。最喜欢的奶茶、味道比任何饮品店都正宗，还有冻柠茶也是很棒，吃的东西永远我都是选择固定的，扇贝赞，叉烧双拼，赞、咖喱牛腩，赞、鱼片叫什么名字忘记了，也赞、其他的菜式我很少尝试，所以就不评价了。他们家自制的小咸菜非常好吃 店家很贴心 很喜欢他家的小咸菜 下次还会继续光顾哒,Neutral,Not Mentioned,Not Mentioned,Negative,Neutral
668,经常去，很好吃，基本都吃遍了，就是吃饭时太吵，想着吃完赶紧撤。,Not Mentioned,Not Mentioned,Not Mentioned,Negative,Positive
672,菜有点贵，味道一般，环境尚可，服务不错,Not Mentioned,Positive,Negative,Positive,Neutral
674,我去的是百年城地下店，点了云吞、肠粉和鱼蛋，还有牛肉面，肠粉和鱼蛋还是以前的味，就是牛肉面和云吞端上来时是温的，有种剩饭的感觉，量也没以前多，难道正因为团购而品质也打折了吗，服务还是蛮好的。,Positive,Positive,Neutral,Not Mentioned,Negative
675,东西很好吃，就是经常排队，人很多，还会去，蛋挞尤其好吃，喜欢！,Not Mentioned,Negative,Not Mentioned,Not Mentioned,Positive
678,上菜有些慢，菜的口感还是不错，服务一般！,Not Mentioned,Negative,Not Mentioned,Not Mentioned,Positive
689,鲜虾云吞，牛杂，非常好吃。蛋挞不甜，很好，但吃多了腻。榴莲酥适合喜欢榴莲的人，趁热吃超赞！还点了叉烧包，偏甜，里面的馅也是甜咸的。牛杂味道很好，就是萝卜块好大啊！里面的牛货没吃够！炒饭虽然挺好吃，我觉得一般，感觉没什么特点38有些贵，但量挺大。奶茶味道很正，喜欢！芒果汁不错，鲜榨的。总得来说比较适合我的口味，下次有机会去大连，一定还会去吃的！,Not Mentioned,Not Mentioned,Negative,Not Mentioned,Positive
727,我得说，作为一个粤菜，茶餐厅，尖沙咀的菜量真是对得起东北的人民群众了。性价比不低，菜色都很精致，口味杠杠的。说实话我也不想，分开买那么多代金券。5个人，吃了250多块钱，第一次团没团购才分开的。好吧，我得说大家都吃撑到了。那个，黑椒金菇肥牛盖饭，饭量真不是一般的大，它足足比菜谱上的那张相片看起来大了两圈。饭量大的男生不要错过！,Not Mentioned,Not Mentioned,Negative,Not Mentioned,Positive
731,菜品的品质很好，环境也不错，价格不算便宜，但是这个品质也得这个价格了，服务还不错，经常去吃，店里还经常推新菜，很不错,Not Mentioned,Positive,Negative,Positive,Not Mentioned
760,再不来了，死贵死贵的，还难吃！差评！,Not Mentioned,Not Mentioned,Negative,Not Mentioned,Negative
787,位置有一点不好找，但菜的味道很好，分量中等，价格有点偏高，偶尔来品尝一下还是很不错的。#咖喱牛腩煲# #港式热奶茶# #鲜虾云吞# #冰桔茶# #烧味拼盘# #黑椒牛排饭# #黑椒鸡扒捞丁# #猪肠粉#,Negative,Not Mentioned,Negative,Not Mentioned,Positive
808,环境就那么吵杂 味道一如既往的好,Not Mentioned,Not Mentioned,Not Mentioned,Negative,Neutral
833,油有点大，菜量有点偏少，不提供餐巾纸，要收费,Not Mentioned,Not Mentioned,Not Mentioned,Not Mentioned,Negative
851,饭口儿的时候太嘈杂，服务挺好。味道也行。,Not Mentioned,Positive,Not Mentioned,Negative,Positive
859,味道不错，就是量太少还吃不饱，价格又太贵，50元根本吃不了什么东西!,Not Mentioned,Not Mentioned,Negative,Not Mentioned,Negative
864,人气颇高的茶餐厅，出品挺正宗。蜜汁叉烧甜而不腻；鲜虾云吞皮薄汤鲜，每只云吞里都有大大的虾仁；招牌榴莲酥皮酥脆，馅挺足，榴莲味浓郁；蛋挞嫩嫩的，挞底酥酥的，香甜可口，回味无穷；奶茶也做得不错，果然名不虚传。只是缺乏亲和力的服务和杂乱的环境有待改进。,Not Mentioned,Neutral,Not Mentioned,Negative,Positive
868,环境一般，可能太过，吃饭人太多就把环境显的乱些,Not Mentioned,Not Mentioned,Not Mentioned,Negative,Not Mentioned
869,感觉现在除了和平广场的分店以外其他的都不是太好，不是菜太咸就是服务员态度差。哎！钱赚多了是不是得提高点服务质素呢！,Positive,Negative,Not Mentioned,Not Mentioned,Negative
892,咸蛋h肉饼煲仔饭很好吃！！！！炸酱面不错，但是价格呀太夸张。。。,Not Mentioned,Not Mentioned,Negative,Not Mentioned,Positive
928,已经来过很多次了，地理位置有点偏，加之百年城在装修，灰尘很大。口味呢没有以前的好了，可能是人太多的原因（经常需要等座排位）量不大，但服务员上菜很快，很及时，也还很周到。价格我觉得拿团购的话还是很划算的。,Negative,Positive,Positive,Negative,Neutral
955,家里停水，无奈在这风雨交加的傍晚顶风冒雨的来到了这家经常光顾的茶餐厅，梅菜蒸草鱼的口味依然很好，鲜虾肠粉一般，鲜虾云吞每次必点，只是感觉云吞越来越小了点，干炒牛河也不错，金银蒜蒸娃娃菜降价减量了，味道还不错,Not Mentioned,Not Mentioned,Not Mentioned,Not Mentioned,Negative
963,环境有点旧了 服务一如既往 菜品没有以前可口了餐具陈旧了,Not Mentioned,Neutral,Not Mentioned,Negative,Neutral
1023,海鲜h饭里的蟹足棒是人工的超难吃，饭吃到後面几乎吃不下去，好在点了份凉粉和蔬菜沙拉勉吃下去，总体菜品较单一还超贵，不如圣河湾。,Not Mentioned,Not Mentioned,Negative,Not Mentioned,Negative
1029,每周都来吃一顿，百年城这家店位置不错，就是店里油烟味太重了。,Positive,Not Mentioned,Not Mentioned,Negative,Not Mentioned
1033,排队挺长时间，是周末去的百年城的店，店里乱糟糟的人声鼎沸，收款的人来到桌边跟抢似的。吃的还好，推荐蛋挞,Positive,Negative,Not Mentioned,Negative,Positive
1037,下完单就不能改了吗？太恶心了，点的菜没有不是我的错凭啥不让过了换套餐,Not Mentioned,Negative,Not Mentioned,Not Mentioned,Not Mentioned
1059,看评价说蛋挞好吃，试了下果然不错，其他菜品还行吧，满意吧，就是菜品有点贵。,Not Mentioned,Not Mentioned,Negative,Not Mentioned,Neutral
1070,最喜欢的午餐地儿，一如既往地好吃，就是服务态度不是很好,Not Mentioned,Negative,Not Mentioned,Not Mentioned,Positive
1096,太贵，云吞26改成云吞面25一份，没意思,Not Mentioned,Not Mentioned,Negative,Not Mentioned,Not Mentioned
1105,云吞26该成云吞面25，太贵，会做生意！,Not Mentioned,Not Mentioned,Negative,Not Mentioned,Not Mentioned
1117,团购合适，但是原价小鬼，推荐蒜蓉粉丝扇贝，很好吃！,Not Mentioned,Not Mentioned,Negative,Not Mentioned,Positive
1126,不错就是上菜有点儿慢 蛋挞好吃,Not Mentioned,Negative,Not Mentioned,Not Mentioned,Positive
1155,一般，菜量小，味道还不错，上菜特别快，都是做好的，没开始吃饭就要钱，不喜欢,Not Mentioned,Positive,Not Mentioned,Not Mentioned,Negative
1156,除了量少之外，没毛病，味道杠杠的,Not Mentioned,Not Mentioned,Not Mentioned,Not Mentioned,Negative
1165,好多的甜点都没有！菜量很小！藕片不好吃！酸菜鱼也不好吃！菠萝开胃虾好吃，太少了，,Not Mentioned,Not Mentioned,Not Mentioned,Not Mentioned,Negative
1173,真是过节了，口味和份量都不去以前了,Not Mentioned,Not Mentioned,Not Mentioned,Not Mentioned,Negative
1179,不好吃，太油腻，海肠好腻失望。。。。。。,Not Mentioned,Not Mentioned,Not Mentioned,Not Mentioned,Negative
1183,味道不错  就是中午的时候上菜太慢了,Not Mentioned,Negative,Not Mentioned,Not Mentioned,Positive
1186,服务很好，菜品还可以，就是价格小贵,Not Mentioned,Positive,Negative,Not Mentioned,Positive
1192,菠萝虾球很好吃，量太少了。咖喱鱼丸下次还会去吃的。 #港式奶茶# #红豆双皮奶# #咖喱鱼丸# #皮蛋瘦肉粥#,Not Mentioned,Not Mentioned,Not Mentioned,Not Mentioned,Negative
1196,一如继往地好吃，喜欢这家店得口味。就是人太多，每次来都要等位，有点不开心！,Not Mentioned,Negative,Not Mentioned,Not Mentioned,Positive
1199,煲仔饭无眼看好难吃，蛋挞鱼蛋好吃,Not Mentioned,Not Mentioned,Not Mentioned,Not Mentioned,Negative
1204,最喜欢来的饭店，就是店里油烟味太大。,Not Mentioned,Not Mentioned,Not Mentioned,Negative,Not Mentioned
1216,非常好吃的味道就是百年城店太难找了 有点纠结,Negative,Not Mentioned,Not Mentioned,Not Mentioned,Positive
1225,去过好多回，味道好，量小，价高，海鲜饭腻人,Not Mentioned,Not Mentioned,Negative,Not Mentioned,Negative
1231,去过多回，量小，价高，煲仔饭好吃，咖喱牛肉好吃,Not Mentioned,Not Mentioned,Negative,Not Mentioned,Negative
1233,去了好多次了 特别喜欢吃 经常要排队 今天又带姥姥姥爷一起去 有了团购更合适了 特别推荐窝蛋肥牛、炒米粉、鲜虾云吞面、肠粉、梅菜蒸草鱼 饮品的话 柠檬茶和港式奶茶都很棒 但是人多环境就吵 服务员也会有些忙不过来,Not Mentioned,Neutral,Neutral,Negative,Positive
1238,菜味道还不错，就等的时间太长。,Not Mentioned,Negative,Not Mentioned,Not Mentioned,Positive
1241,云吞里的虾比以前小好多，其他都还好,Not Mentioned,Not Mentioned,Not Mentioned,Not Mentioned,Negative
1243,云吞里的虾比以前小好多，其他都还好,Not Mentioned,Not Mentioned,Not Mentioned,Not Mentioned,Negative
1255,味道好，价格贵，团购还可以接受，不然贵,Not Mentioned,Not Mentioned,Negative,Not Mentioned,Positive
1257,咖喱牛腩煲真是太差了现在，大牛肉块子撕拉撕拉的，咬不烂，根本不是牛腩部位！,Not Mentioned,Not Mentioned,Not Mentioned,Not Mentioned,Negative
1261,想知道你的爱心橘粉跟找牛哥，海鲜局饭都非常好吃，这个便宜点就好了。,Not Mentioned,Not Mentioned,Negative,Not Mentioned,Positive
1277,吃到一颗虫子   好恶心   再也不会去了,Not Mentioned,Not Mentioned,Not Mentioned,Negative,Not Mentioned
1282,每次中午去吃饭的时候都很吵，口味还行，一般,Not Mentioned,Not Mentioned,Not Mentioned,Negative,Neutral
1290,点了一份烧味拼盘，烤鸭都凉了，皮都软了，一点都不好吃好失望,Not Mentioned,Not Mentioned,Not Mentioned,Not Mentioned,Negative
1306,很喜欢在这里吃饭 还有他家的汤也好喝 每次都早早的先来排队取个号码 好有位置 去晚了会等上好久才能有位置 不过等这么长时间 能吃到可口的美食 还是值得的 宝贝最喜欢它家的蛋挞 和它家的汤 一直会光顾它家的,Not Mentioned,Negative,Not Mentioned,Not Mentioned,Positive
1316,很少来这家！都是去西安路罗斯福的那家！这家的海鲜局芝士饭特难吃！米饭不是新做的！上来一吃一股馊味！凉的米饭做得！,Not Mentioned,Not Mentioned,Not Mentioned,Not Mentioned,Negative
1322,味道不错，就是位置不太好找，其他的东西都还不错，招牌炒饭推荐，特别好吃,Negative,Not Mentioned,Not Mentioned,Not Mentioned,Positive
1331,还可以，停车超难，周末去的人多,Not Mentioned,Negative,Not Mentioned,Not Mentioned,Not Mentioned
1332,还可以，停车超难，周末去的人多,Not Mentioned,Negative,Not Mentioned,Not Mentioned,Not Mentioned
1333,还可以，停车超难，周末去的人多,Not Mentioned,Negative,Not Mentioned,Not Mentioned,Not Mentioned
1345,不错吧，就是电话没信号。位置靠侧门，头一次来还真不好找,Negative,Not Mentioned,Not Mentioned,Not Mentioned,Not Mentioned
1350,云吞好吃，只是价格越来越贵，蛋挞不错,Not Mentioned,Not Mentioned,Negative,Not Mentioned,Positive
1358,感觉没有以前好了，味道也不如从前了,Not Mentioned,Not Mentioned,Not Mentioned,Not Mentioned,Negative
1365,好吃 菜味儿绝了 非常喜欢他家   希望团购在优惠点,Not Mentioned,Not Mentioned,Negative,Not Mentioned,Positive
1385,环境、服务、口味都很好哦！价位再便宜些就更,Not Mentioned,Positive,Negative,Positive,Positive
1391,菜品不错！服务周到，价位贵点  。口味还是挺好的,Not Mentioned,Positive,Negative,Not Mentioned,Positive
1392,和平广场的挺好吃的，这次在百年城吃真的不好吃特别失望，量小，味道也不行，椅子都掉皮了！服务也不好，上菜慢。,Positive,Negative,Not Mentioned,Negative,Negative
1393,一如既往的喜欢团购还可以力度不大哦,Not Mentioned,Not Mentioned,Negative,Not Mentioned,Not Mentioned
1397,服务一般吧，价格普遍偏高，感觉不如以前了,Not Mentioned,Neutral,Negative,Not Mentioned,Not Mentioned
1402,该装修了、环境不行了，菜还行吧……,Not Mentioned,Not Mentioned,Not Mentioned,Negative,Neutral
1429,环境不如以前，服务员水准不高，培训不到位，打扮不漂亮，看了没胃口。,Not Mentioned,Negative,Not Mentioned,Neutral,Not Mentioned
1443,今天中午去吃的尖沙嘴吃的饭！点了平时必点的梅菜排骨和榴莲酥！呵呵都是最爱呦！我是12点左右去的，人好多，还要排号！等了一会才吃上饭，不过想要吃好吃的等一会又如何！能吃上就行！,Not Mentioned,Negative,Not Mentioned,Not Mentioned,Positive
1463,菜品口味还不错，就是就餐环境有些嘈杂，上菜速度也算快。,Not Mentioned,Positive,Not Mentioned,Negative,Positive
1468,一直喜欢吃尖沙咀，不过重装修后感觉比之前价格贵了呢，总体很好,Not Mentioned,Not Mentioned,Negative,Positive,Not Mentioned
1477,还是老样子，没有什么变化，就是上菜太慢了,Not Mentioned,Negative,Not Mentioned,Not Mentioned,Neutral
1535,有些小贵哈哈哈！一般般吧！一个人吃了100的券，价位有些高,Not Mentioned,Not Mentioned,Negative,Not Mentioned,Neutral
1554,菜品口味不错，服务有待加强，环境多少有些老旧,Not Mentioned,Neutral,Not Mentioned,Negative,Positive
1555,菜品口味不错，服务有待加强，不太好找，环境有些旧,Negative,Negative,Not Mentioned,Neutral,Positive
1566,味道不错，就是等的时间稍长。。,Not Mentioned,Negative,Not Mentioned,Not Mentioned,Positive
1590,菜品挺丰富的，我喜欢甜食，他们很合我的口味，但就是地方不太好找,Negative,Not Mentioned,Not Mentioned,Negative,Positive
1602,味道没得说，菜量少了点，而且有点小贵，推荐虾仁云吞,Not Mentioned,Not Mentioned,Negative,Not Mentioned,Positive
1603,比较喜欢的一家饭店，以前常来，这次觉得菜的味道和量上不如从前了，希望不要……,Not Mentioned,Not Mentioned,Not Mentioned,Not Mentioned,Negative
1617,菜品很好，我是喜欢吃甜食的，他家的口味很适合我，但就是地方挺不好找的，,Negative,Not Mentioned,Not Mentioned,Not Mentioned,Positive
1632,非常喜欢的一家餐厅，菜品的味道非常地道，环境有点儿吵，服务不错。,Not Mentioned,Positive,Not Mentioned,Negative,Positive
1673,梅菜排骨饭一如既往的好吃，味淋软骨饭味道也不错，就是排骨量有点少，鲜虾馄饨}味太大，不太好吃，服务不错还给小孩子拿来了小碗和小勺。,Not Mentioned,Positive,Not Mentioned,Not Mentioned,Negative
1690,一般来讲我每次去吃的比较多 人均价较高 必须点一杯饮品 还有那的烧味双拼饭超爱超美味的 配上酸梅酱简直棒,Not Mentioned,Not Mentioned,Negative,Not Mentioned,Positive
1694,太吵 油烟太大 口味太对付 越来越撑不起名店的感觉。。。,Not Mentioned,Not Mentioned,Not Mentioned,Negative,Neutral
1700,没有排队，不过上菜太慢了，等了好久啊,Not Mentioned,Negative,Not Mentioned,Not Mentioned,Not Mentioned
1704,服务态度差，为了给他人拼桌让顾客换位置用命令的语气？对顾客呼来唤去？差评。如果不是看在菜品份上以后不会再来。,Not Mentioned,Negative,Not Mentioned,Not Mentioned,Not Mentioned
1722,菜品口味地道，回头客，结帐算错且不礼貌。望提高服务水平。,Not Mentioned,Negative,Not Mentioned,Not Mentioned,Positive
1723,菜量太少，云吞面里的面一点味没有。,Not Mentioned,Not Mentioned,Not Mentioned,Not Mentioned,Negative
1729,搬家后菜品口味参差不齐，慎点,Not Mentioned,Not Mentioned,Not Mentioned,Not Mentioned,Negative
1730,不好吃  上菜慢  服务态度一般 不会再去,Not Mentioned,Negative,Not Mentioned,Not Mentioned,Negative
1732,味道不如以前，服务员态度恶劣，上菜慢，不建议大家再去了！,Not Mentioned,Negative,Not Mentioned,Not Mentioned,Neutral
1740,好吃，用了美团省了15，挺合适的，量少,Not Mentioned,Not Mentioned,Neutral,Not Mentioned,Negative
1757,等待时间有些长，但是口味不错，经常去百年城的店,Not Mentioned,Negative,Not Mentioned,Not Mentioned,Positive
1767,味道不错，上菜速度有点慢，位置好找,Positive,Negative,Not Mentioned,Not Mentioned,Positive
1775,这个叫咸猪肘 南方人挺接受不了这个味道 这是冰冻菜品 凉凉的 酱油配的味道也不好吃 建议南方人点时请慎重,Not Mentioned,Not Mentioned,Not Mentioned,Not Mentioned,Negative
1776,菜不错，上菜速度不快，口味很好。,Not Mentioned,Negative,Not Mentioned,Not Mentioned,Positive
1820,上菜慢。。。。。。。。。。。。。,Not Mentioned,Negative,Not Mentioned,Not Mentioned,Not Mentioned
1821,菜品一直很好，要是价格能再亲民点，就更好了。喜欢,Not Mentioned,Not Mentioned,Negative,Not Mentioned,Positive
1837,味道好，蒜蓉扇贝可圈可点，缺点是价格整体偏贵,Not Mentioned,Not Mentioned,Negative,Not Mentioned,Positive
1838,菜品的味道还是一如既往的好，不过服务质量稍差了些,Not Mentioned,Negative,Not Mentioned,Not Mentioned,Positive
1855,一般般，因为有团购还可以，不然，真是不值得,Not Mentioned,Not Mentioned,Negative,Not Mentioned,Neutral
1859,虽然说价格有点小贵不过品质真是没得说,Not Mentioned,Not Mentioned,Negative,Not Mentioned,Positive
1862,百年城的不推荐去，地方杂像快餐厅，然后东西做的也不好吃，和平广场的那家还不错,Positive,Not Mentioned,Not Mentioned,Negative,Negative
1863,价钱有点小贵不过美团给力希望以后还会有这种活动,Not Mentioned,Not Mentioned,Negative,Not Mentioned,Not Mentioned
1869,菜量比之前少了，人也比以前少了,Not Mentioned,Not Mentioned,Not Mentioned,Not Mentioned,Negative
1885,去的时候是晚上了，可能是因为快下班了吧，服务态度不怎么好,Not Mentioned,Negative,Not Mentioned,Not Mentioned,Not Mentioned
1887,榴莲酥 蛋挞味道不错 优惠力度在加大点就好了,Not Mentioned,Not Mentioned,Negative,Not Mentioned,Positive
1889,人挺多的，东西挺多挺好吃，略微有些吵，都是一些小吃，都很好吃。服务态度也不错，会主动倒大麦茶喝,Not Mentioned,Positive,Not Mentioned,Negative,Positive
1898,才是糊的，还振振有词的糊焦味，真有才，换了一份好大的不情愿,Not Mentioned,Not Mentioned,Not Mentioned,Not Mentioned,Negative
1912,菜品味道不错 但价格小贵 希望更多优惠,Not Mentioned,Not Mentioned,Negative,Not Mentioned,Positive
1919,环境很好，就是百年城店不太好找，东西挺好吃的,Negative,Not Mentioned,Not Mentioned,Positive,Positive
1931,菜品口味不错，价格有点小贵的。,Not Mentioned,Not Mentioned,Negative,Not Mentioned,Positive
1938,挺好的，特别喜欢鲜虾云吞。榴莲酥和蛋挞依然量足好吃。就是开发票需要点时间，等了快15分钟了。以后不要等吃完再去要发票。以后再去就这么办……,Not Mentioned,Negative,Not Mentioned,Not Mentioned,Positive
1944,可惜团购平时不能用啊，不然会成为首选的！,Not Mentioned,Not Mentioned,Negative,Not Mentioned,Not Mentioned
1954,很不错，就是每次去人比较多，还的等座,Not Mentioned,Negative,Not Mentioned,Not Mentioned,Not Mentioned
1956,东西好吃，价钱太贵！小咸菜给的太少,Not Mentioned,Not Mentioned,Negative,Not Mentioned,Neutral
1969,菜量明显减少 下次移位其他茶餐厅了 心塞,Not Mentioned,Not Mentioned,Not Mentioned,Not Mentioned,Negative
1973,味道不错，很喜欢它家的美食，全家都很喜欢吃，我们去的百年城的店，周末去的，人特别多，排了半小时，终于排上了，点的干炒牛河，蛋挞，榴莲酥，妹妹特别喜欢他家的榴莲酥，每次吃了都要带走几个，她的儿子第一次来这里，开心的说下次还要来！#梅菜排骨煲# #干炒牛河# #海鲜h饭# #榴莲酥#,Not Mentioned,Negative,Not Mentioned,Not Mentioned,Positive
1981,东西很好吃 喜欢他家的甜品 就是通风不好！,Not Mentioned,Not Mentioned,Not Mentioned,Negative,Positive
1991,个人觉得个别菜品价格比较贵，芝士海鲜h饭太香人了,Not Mentioned,Not Mentioned,Negative,Not Mentioned,Positive
1994,继续加油，希望打折力度再大点，,Not Mentioned,Not Mentioned,Negative,Not Mentioned,Not Mentioned
2012,菜品倒是可以，就是环境有些拥挤，而且太嘈杂了，国人吃饭什么时候能安静一点。,Not Mentioned,Not Mentioned,Not Mentioned,Negative,Positive
2014,菜量适中，口味很好，排队人多。,Not Mentioned,Negative,Not Mentioned,Not Mentioned,Positive
2015,咖喱土豆牛腩，几乎看不到牛腩，土豆大到整份只需要2到3块。咖喱汁油很大。凉皮也有超多油。没有餐巾纸。服务员吃饭时间，占据用餐客户堂位，且说话声音大，员工集体用餐盛菜盆放在过道中间位置，影响顾客用餐食欲。,Not Mentioned,Negative,Not Mentioned,Negative,Neutral
2020,价格比千日贺贵点，东西也比千日贺差点意思，各有喜好而已。,Not Mentioned,Not Mentioned,Negative,Not Mentioned,Neutral
2036,在百年吃的芥蓝 第一次吃到没有叶子的芥蓝，全是梗！！,Not Mentioned,Not Mentioned,Not Mentioned,Not Mentioned,Negative
2037,在百年吃的芥蓝 第一次吃到没有叶子的芥蓝，全是梗！！,Not Mentioned,Not Mentioned,Not Mentioned,Not Mentioned,Negative
2052,这家粤菜店菜品的口味非常好，经常去，服务也不错，但总是感觉挺吵的。,Not Mentioned,Positive,Not Mentioned,Negative,Positive
2053,这家粤菜店菜品的口味非常好，经常去，服务也不错，但总是感觉挺吵的。,Not Mentioned,Positive,Not Mentioned,Negative,Positive
2064,菜品大爱啊，不过百年城的服务态度也太差了，估计以后不会去了。,Not Mentioned,Negative,Not Mentioned,Not Mentioned,Positive
2065,分别团的券还得发布几次评价，那就再说一点。饭点的人真是多，要排号，如果不想排号最晚十一点二十前必须要到，平常日的人就很多。这次的咖喱牛腩第一次点，咖喱味调的非常讨好嘴巴，卖相上看着很浓郁，味道确是非常符合自己的口味，就是牛腩块有点大，不过很入味,Not Mentioned,Negative,Neutral,Not Mentioned,Positive
2067,很不错的餐厅，到大连玩专门去的，菜品还不错，就是有点小贵，大概够了,Not Mentioned,Not Mentioned,Negative,Not Mentioned,Positive
2073,一如既往的好吃，就是团购力度没有以前的大了！,Not Mentioned,Not Mentioned,Negative,Not Mentioned,Positive
2074,一如既往的好吃，就是团购力度没有以前的大了！,Not Mentioned,Not Mentioned,Negative,Not Mentioned,Positive
2083,鱼太小了，千万别点，浪费钱，什么鱼都别点,Not Mentioned,Not Mentioned,Not Mentioned,Not Mentioned,Negative
2087,菜有一点贵，但是，味道还可以。就是位置不太好找，人也很多需要排队。,Negative,Neutral,Negative,Not Mentioned,Positive
2097,经常吃 算大连难得回头的餐厅 简单吃个饭还是可以的 价格蛮贵的 对于一个茶餐厅来说,Not Mentioned,Not Mentioned,Negative,Not Mentioned,Not Mentioned
2109,本来态度就不怎么样服务员忘记上菜我也是服了 上了两个主食之后完全不管这桌 主食都快吃完了菜一个也没上,Not Mentioned,Negative,Not Mentioned,Not Mentioned,Not Mentioned
2112,光顾好多次了，菜的味道不错，就是环境有点不好了，沙发掉渣，望改进！！,Not Mentioned,Not Mentioned,Not Mentioned,Negative,Positive
2114,味道还好吧！就是价格稍微有点高,Not Mentioned,Not Mentioned,Negative,Not Mentioned,Neutral
2122,味道还好吧！就是价格稍微有点高,Not Mentioned,Not Mentioned,Negative,Not Mentioned,Neutral
2123,味道还好吧！就是价格稍微有点高,Not Mentioned,Not Mentioned,Negative,Not Mentioned,Neutral
2151,皮蛋粥好喝，千万别点菜心牛肉粥,Not Mentioned,Not Mentioned,Not Mentioned,Not Mentioned,Negative
2171,菜品较以前差很多，难怪没人排队,Not Mentioned,Positive,Not Mentioned,Not Mentioned,Negative
2172,慢，味道还行，就是太慢，，，，,Not Mentioned,Negative,Not Mentioned,Not Mentioned,Positive
2178,还不错 价格蛮贵 服务高效 快速吃了饭还可以 性价比不高就是啦,Not Mentioned,Positive,Negative,Not Mentioned,Not Mentioned
2194,不错 就是排队太久了 东西不便宜 可是还是依然好吃,Not Mentioned,Negative,Negative,Not Mentioned,Positive
2205,之前一直吃的店，不知道今天怎么了，三个人吃完一个小时后一起拉肚子……也是醉了，拉黑,Not Mentioned,Not Mentioned,Not Mentioned,Negative,Not Mentioned
2209,环境不错，服务不错，价位再便宜点就好了。,Not Mentioned,Positive,Negative,Positive,Not Mentioned
2210,不错的，去了好几次了，有点小贵，哈哈！！！,Not Mentioned,Not Mentioned,Negative,Not Mentioned,Not Mentioned
2222,什么都挺好的，就是环境稍微乱了一点，跟大排档似的，能注意一点就好了,Not Mentioned,Not Mentioned,Not Mentioned,Negative,Not Mentioned
2235,菜价好像有点涨了，味道还是不错的。,Not Mentioned,Not Mentioned,Negative,Not Mentioned,Positive
2239,很好，就是有点吵，挺不好找的，菜挺好吃的。,Negative,Not Mentioned,Not Mentioned,Negative,Positive
2247,没有想象中好吃 上菜速度比较慢 但是菜品没有偷工减料 还是不错的,Not Mentioned,Negative,Not Mentioned,Not Mentioned,Neutral
2254,差评，等了一个多小时才上菜。鸭肉卷要了六个就给上三个；少冰柠檬茶两杯就给上一杯，还是多冰的；云吞面的面还没怎么熟就上来了。跟别的桌同时点的餐，别桌都上齐了我这还没上。,Not Mentioned,Negative,Not Mentioned,Not Mentioned,Neutral
2259,我在上初中时候就有的港式餐厅，那时候没钱啊，总吃梅菜排骨饭和冻鸳鸯。过去是在百年城一楼，现在搬到4楼了？？其实一楼挺好的，过去的鸳鸯奶茶没有了为什么？感觉菜品也少了很多，不过还是很好吃。我是昨晚4月24号吃的晚餐，重点表扬白色衣服长头发女领班吧，服务热情，推荐的咖喱桂鱼很好吃。我老爸比较喜欢吃，希望团购折扣再高点就更完美了！好评！,Not Mentioned,Positive,Negative,Not Mentioned,Positive
2260,除了上菜慢了点，其他都很满意，鸭肉好吃,Not Mentioned,Negative,Not Mentioned,Not Mentioned,Positive
2263,自从尖沙嘴更新菜品后，去了两次都大失所望，这次是去的百年城店，服务员还不错，但是菜品不敢恭维啊，新品菠萝虾球，请问你家的这个和菠萝有啥关系，五块罐头菠萝铺在小碟子下面（敢不敢用点新鲜菠萝），六个虾仁在上面，不是有菠萝有虾仁就可以叫这个名字的啊，看看图片，厨师走点心吧，不要把一家粤菜店做成了没有特色的快餐店啦-_-||,Not Mentioned,Positive,Not Mentioned,Not Mentioned,Negative
2267,以前总来这里，调整价格之后感觉不如从前了,Not Mentioned,Not Mentioned,Negative,Not Mentioned,Not Mentioned
2272,百年城店装修换地方之后菜量比以前减少了很多，同样的菜品也没有以前好吃了，质量明显下降，服务员都拉个脸，失望,Not Mentioned,Negative,Not Mentioned,Not Mentioned,Negative
2283,菜品不错，服务很差。,Not Mentioned,Negative,Not Mentioned,Not Mentioned,Positive
2290,服务略差一点，应该是前台那女的…食物味道都可以。,Not Mentioned,Negative,Not Mentioned,Not Mentioned,Positive
2294,挺好的，味道好，挺干净、服务好。环境一般，人太多，而且挺贵的。性价比不好。,Not Mentioned,Positive,Negative,Positive,Positive
2308,好吃，值得推荐，不过第一次来的，位置得好好找找~,Negative,Not Mentioned,Not Mentioned,Not Mentioned,Positive
2325,帮朋友买的，不错，口味很好，就是价格偏高,Not Mentioned,Not Mentioned,Negative,Not Mentioned,Positive
2353,好吃的停不下来啊，虽然有点拥挤，但好味道不是盖的啊。,Not Mentioned,Not Mentioned,Not Mentioned,Negative,Positive
2363,绝对信任 不会后悔 虽然价格不是很便宜，但是质量有保证,Not Mentioned,Not Mentioned,Negative,Not Mentioned,Not Mentioned
2373,感觉比不上以前了，但是用餐时间还是各种排队,Not Mentioned,Negative,Not Mentioned,Not Mentioned,Not Mentioned
2377,菜的味道不错，就是人太多用餐环境不太好，好吵闹，有时候排队,Not Mentioned,Negative,Not Mentioned,Negative,Positive
2385,电话信号在这不好菜品做的越来越差了，尽快改进吧。,Not Mentioned,Not Mentioned,Not Mentioned,Not Mentioned,Negative
2397,以前吃都挺好的，这次要了个皮蛋瘦肉粥，一下子就拉肚子了，哎。。。,Not Mentioned,Not Mentioned,Not Mentioned,Negative,Not Mentioned
2399,第一次去，很不错的，价格略微有点贵，味道和环境还是很不错的菜上的也很快，推荐吧,Not Mentioned,Positive,Negative,Positive,Positive
2409,味道没以前好了，团购挺合适的，但是总体价位还是偏高,Not Mentioned,Not Mentioned,Negative,Not Mentioned,Neutral
2413,上菜真心不是一般的慢，外卖到是一个接一个的往外送,Not Mentioned,Negative,Not Mentioned,Not Mentioned,Not Mentioned
2423,卫生条件不佳，菜品味道也大不如从前了，总体一般般,Not Mentioned,Not Mentioned,Not Mentioned,Negative,Neutral
2424,价格不便宜，电话一会有信号一会没信号,Not Mentioned,Not Mentioned,Negative,Not Mentioned,Not Mentioned
2433,梅菜蒸草鱼咸死人。。。要不就淡的没有味道！！！！！！！！！！！！！！！！,Not Mentioned,Not Mentioned,Not Mentioned,Not Mentioned,Negative
2434,一般，感觉就是等待时间是越来越长了,Not Mentioned,Negative,Not Mentioned,Not Mentioned,Neutral
2445,在大连的港式餐厅做得很不错的一家，当然更高档的没去过。很多年了品质依旧如一，不过现在的价格比起十年前第一次去尖沙咀可是贵了很多,Not Mentioned,Not Mentioned,Negative,Not Mentioned,Not Mentioned
2454,嗯饭菜很好吃，就是上菜有点慢。,Not Mentioned,Negative,Not Mentioned,Not Mentioned,Positive
2481,不错，现在梅菜排骨煲量有点少，有团购很合适。,Not Mentioned,Not Mentioned,Neutral,Not Mentioned,Negative
2496,好吃 蒸的菜速度太慢 再快点儿就好了,Not Mentioned,Negative,Not Mentioned,Not Mentioned,Positive
2518,来来去去就是吃这些东西居然还没吃腻！呵呵，团购不能在平时用好可惜。,Not Mentioned,Not Mentioned,Negative,Not Mentioned,Positive
2520,位置有点偏走了挺远  没排队还是挺好的  上菜速度较快   服务还可以  就是菜味不对口 没有西安路的好吃  .,Negative,Positive,Not Mentioned,Not Mentioned,Neutral
2535,菜品独特。口感极好。环境差一点点,Not Mentioned,Not Mentioned,Not Mentioned,Negative,Positive
2543,店员服务不够热情。上菜慢，催促过才上的菜。,Not Mentioned,Negative,Not Mentioned,Not Mentioned,Not Mentioned
2546,一如既往的好，就是等位太麻烦。,Not Mentioned,Negative,Not Mentioned,Not Mentioned,Not Mentioned
2548,去了两次，扇贝都没了，点菜半小时还没上，想退掉，不给退，等坚决要退的时候，又把菜上了,Not Mentioned,Negative,Not Mentioned,Not Mentioned,Not Mentioned
2555,不用排队 但是比起上次在罗斯福底下吃的那家没法比 这家太难吃,Not Mentioned,Positive,Not Mentioned,Not Mentioned,Negative
2560,上菜速度挺快，环境一般椅子都掉皮丁味道不错总体不错,Not Mentioned,Positive,Not Mentioned,Negative,Positive
2561,扇贝蒸蛋上的比较慢哦，味道喜欢,Not Mentioned,Negative,Not Mentioned,Not Mentioned,Positive
2564,不错，挺好，就是有点贵了，再便宜些好了,Not Mentioned,Not Mentioned,Negative,Not Mentioned,Not Mentioned
2568,它家的东西很好吃，因为人太多得排队，比较吵，人均100块钱吧。,Not Mentioned,Not Mentioned,Neutral,Negative,Positive
2573,很好 菜品样很多 就是价钱微高 但是口味都很好吃,Not Mentioned,Not Mentioned,Negative,Not Mentioned,Positive
2575,百年城店，服务员的态度很差，爱答不理。海鲜h饭，叉烧皇很好。其他的还凑合。,Not Mentioned,Negative,Not Mentioned,Not Mentioned,Positive
2606,很好啊，人多了点，有点慢啦，不过很喜欢来这吃饭，卫生还可以更好些,Not Mentioned,Negative,Not Mentioned,Neutral,Not Mentioned
2620,需要排队，价钱有点偏贵，但是口味还是很好的值得品尝。,Not Mentioned,Neutral,Negative,Not Mentioned,Positive
2629,一点也不好吃。下次不会再去了。太难吃了,Not Mentioned,Not Mentioned,Not Mentioned,Not Mentioned,Negative
2636,#尖沙嘴榴莲酥# #咖喱鱼蛋# #蛋挞# #咖喱牛腩饭套餐# 上菜有点慢啊，不过其他的还好了,Not Mentioned,Negative,Not Mentioned,Not Mentioned,Neutral
2640,基本每周都来吃，不知评价点啥好了。最近味淋猪软骨好像量变小了点，虽然价格没涨…唉物价…,Not Mentioned,Not Mentioned,Negative,Not Mentioned,Negative
2648,卫生还可以更感谢，店里有苍蝇，希望店家注意一下,Not Mentioned,Not Mentioned,Not Mentioned,Negative,Not Mentioned
2674,酸菜鱼特别好吃，口水鸡量太少，不值20多,Not Mentioned,Not Mentioned,Negative,Not Mentioned,Negative
2680,就是有苍蝇，其它还可以，卫生可以更好些,Not Mentioned,Not Mentioned,Not Mentioned,Negative,Neutral
2681,口味可以，价位偏高，值得品尝。,Not Mentioned,Not Mentioned,Negative,Not Mentioned,Positive
2687,味道很不错，去很多次了，就是要等位很久。,Not Mentioned,Negative,Not Mentioned,Not Mentioned,Positive
2697,菜味不错，价位稍贵！柠檬茶少放些冰吧！,Not Mentioned,Not Mentioned,Negative,Not Mentioned,Positive
2704,百年地下好多人，东西贵了好几成，也没吃饱，估计下次不会选了，性价比不比当年了,Not Mentioned,Not Mentioned,Negative,Not Mentioned,Not Mentioned
2713,中午人比较多，等了大概6，7分钟。餐巾纸收费，不太好。,Not Mentioned,Negative,Not Mentioned,Not Mentioned,Not Mentioned
2733,味道还行，就是价高了一点，可以带孩子去吃吃,Not Mentioned,Not Mentioned,Negative,Not Mentioned,Positive
2740,菜挺好的，就是环境有点乱，蚊子多,Not Mentioned,Not Mentioned,Not Mentioned,Negative,Positive
2743,环境不如以前，菜挺好的，蚊子多,Not Mentioned,Not Mentioned,Not Mentioned,Negative,Positive
2744,餐厅卫生一般 有苍蝇飞来飞去 但是餐品味道不错 人均70够了,Not Mentioned,Not Mentioned,Neutral,Negative,Positive
2746,味道还可以 就是特别贵 量也不大,Not Mentioned,Not Mentioned,Negative,Not Mentioned,Neutral
2748,价格偏贵 人多 味道不错 推荐鲜虾云吞,Not Mentioned,Not Mentioned,Negative,Not Mentioned,Positive
2752,一般吧 味道还可以 就是特别贵,Not Mentioned,Not Mentioned,Negative,Not Mentioned,Neutral
2762,中午来的，人太多，排了好久，味道还可以,Not Mentioned,Negative,Not Mentioned,Not Mentioned,Positive
2787,菜量很小，口味一般，餐巾纸收费，服务员态度一般，美团券说的可以叠加去了商家告诉不可以叠加????,Not Mentioned,Neutral,Neutral,Not Mentioned,Negative
2791,挺好的 就是鸭子的分量比过去少很多 希望一份明炉烧鸭能加大量 给的量根本不够 菜花也少了 云吞最好做成云吞面,Not Mentioned,Not Mentioned,Not Mentioned,Not Mentioned,Negative
2795,好长时间没去他家了上菜比以前快 貌似量少些 价钱也降了一些 适合小聚,Not Mentioned,Positive,Neutral,Not Mentioned,Negative
2796,不知道为什么尖沙嘴炒饭的味道比罗斯福店差很多，肠粉淡了，干炒牛河有点过火，总之失望,Not Mentioned,Not Mentioned,Not Mentioned,Not Mentioned,Negative
2803,性价比不高，饮品还好，菜品不怎么样,Not Mentioned,Not Mentioned,Negative,Not Mentioned,Neutral
2806,服务态度很好，就是环境有点小,Not Mentioned,Positive,Not Mentioned,Negative,Not Mentioned
2808,菜量太小，味道很怪，还不好吃，根本吃不饱,Not Mentioned,Not Mentioned,Not Mentioned,Not Mentioned,Negative
2813,呃……菜比西安路少一半啊………………少的非常明显。20元的蚝油芥兰就五根也是醉了……客家汤粉就半碗，还没西安路店好吃,Not Mentioned,Not Mentioned,Not Mentioned,Not Mentioned,Negative
2823,差评，钱都交完24分钟没人给下单，不问还是一直没人管，服务员都在旁边溜达，收钱收的比谁都积极！！！,Not Mentioned,Negative,Not Mentioned,Not Mentioned,Not Mentioned
2825,美味，美境，中午去晚永远在排队，，，人多，，，。,Not Mentioned,Negative,Not Mentioned,Not Mentioned,Positive
2828,服务很好 菜量现在缩水很多 晚市的时候经常分量变小,Not Mentioned,Positive,Not Mentioned,Not Mentioned,Negative
2830,量少很多   也没有奥林匹克店好吃  比较失望,Not Mentioned,Not Mentioned,Not Mentioned,Not Mentioned,Negative
2856,菜品口味真的很好。地方不是很大。很嘈杂。,Not Mentioned,Not Mentioned,Not Mentioned,Negative,Positive
2881,每次来都有很多人，生日特别火爆，很有特点的香港小吃，菜品味道不错，我很喜欢，服务为本周到，每次都能看见一些外地的游客来吃，更有感觉了，就是菜品有点儿贵了啊，便宜点就感觉更好了，总之来说还是很喜欢的一家店了，,Not Mentioned,Positive,Negative,Not Mentioned,Positive
2882,改地方啦！地方太小，而且服务态度不好！,Not Mentioned,Negative,Not Mentioned,Negative,Not Mentioned
2884,感觉菜量少了，没有以前好吃。还行吧,Not Mentioned,Not Mentioned,Not Mentioned,Not Mentioned,Negative
2888,一直在他家吃，黑椒肥牛饭和梅菜排骨是常点的，以前窗口有牛杂外卖很好，现在没有了，好可惜啊……还没吃够呢。饮料的金桔汁不错，以前有套餐现在也没有了，虽然很多优惠套餐没了，但总体味道还是不错的，希望有更多的优惠就好了。,Not Mentioned,Not Mentioned,Negative,Not Mentioned,Positive
2889,作为把广州香港吃遍的资深吃货，感觉好吃的有，萝卜牛腩，鲜虾云吞，烧鸡，鲜虾肠粉，十分不推荐想吃正宗粤菜的小伙伴的菜品有，叉烧包，蛋挞，双皮奶，做的很不正宗～总体，一般，不属于正规的港式茶餐厅，种类很少，味道也一般，性价比不高,Not Mentioned,Not Mentioned,Negative,Not Mentioned,Negative
2893,坏境有点差了，其它不错！,Not Mentioned,Not Mentioned,Not Mentioned,Negative,Neutral
2896,人比较多，等的时间有点儿长。,Not Mentioned,Negative,Not Mentioned,Not Mentioned,Not Mentioned
2898,还好吧，分量比较少。,Not Mentioned,Not Mentioned,Not Mentioned,Not Mentioned,Negative
2912,菜品价格降低 当然菜量也mini了 吃的种类多了 品质依旧 满五分,Not Mentioned,Not Mentioned,Positive,Not Mentioned,Negative
2916,"【一句儿】这真是老店，学生时代的时候就来吃了，好像开了能有十几年了感觉。最近又爱上了这店。隔三差五的就回来吃吃。来了好多次都不是饭点儿，人都不少。 【评儿】【地儿】解放路19号(百年城G31号)【味儿】粤菜，特别爱他家的小吃，咖喱鱼蛋，鱼蛋很Q，咖喱的味道不浓，但好吃。奶茶不甜很醇香，热的冷的都好喝，榴莲酥外皮很酥，热的时候吃很赞。不吃饭的时候来喝喝下午茶也不错。
 烧味双拼是叉烧和烧鸭，爱吃他家的烧鸭，烧的不油不干刚刚好，吃起来也不腻。
 梅菜排骨，小时候就吃他家的梅菜排骨，看着不大一份，但量很足，排骨大而且不少。
 咖喱牛腩，说是特色菜，其实并没有别的吃起来那么惊艳，牛肉软但是不怎么烂，咬着还是有些费劲，并且不太能理解咖喱的味道，吃两块就有些腻了，而且并不便宜，不推荐。
 炒牛河不错，口味正好，并且伴随着一股特别爱的糊锅底味。总之每次不知道吃什么的时候就会选择来这儿【店况儿】服务员很好，下雨天拿着插的花，出门的时候会贴心的说怕折了给重新绑了绑【尾儿】要是问我大连哪家港式茶餐厅最好，我肯定推荐去尖沙嘴一试！算是大连街茶餐厅的老字号了。",Not Mentioned,Positive,Negative,Not Mentioned,Neutral
2917,过年期间菜品太少，炒饭也不好吃！,Not Mentioned,Not Mentioned,Not Mentioned,Not Mentioned,Negative
2938,在青泥洼桥附近逛街，选择百年城的店，百年城果然高大上，在G层走了一圈只看到服装店铺和苹果店，只好问导购才指明了方向，原来屈臣氏右边走廊尽头才是。茶餐厅的小点不多、盖饭、汤类、面食很多，有些菜品因为有辣椒，个人原因不能选择。也没有服务生站在一旁催着点单，挺舒服的，自由度很大，可以慢慢选择。因为天热口渴，饮品还没有上来，随便告诉了一个服务员阿姨，很热情地送上一杯白水。菜单和点单的单页价格有出入，实际结账价格比菜单上的贵。咖喱鱼蛋装在一个小纸杯，鱼丸很有弹性，咖喱味道过重，盖住了鱼肉本身的味道，酱料很香，还搭配香葱，冲淡了咖喱的浓郁。冰桔茶和冰咖啡也不错，虽然冰块不少，但味道没有冲淡。咖啡的口感就是速溶咖啡的味道。冰桔茶里的橘子颜色翠绿，口感酸甜清爽。喜欢店里的蛋挞，外皮酥脆，蛋液奶香味浓郁，表皮还烤的略微发焦，特别好吃。铁板窝蛋肥牛上来的时候真汤，鸡蛋搅拌开很快就熟了，肉质很嫩，伴有洋葱和黑胡椒的香气，需要时不时刮下石锅底，粘锅不少，里面的金针菇很搭，就是咸了点。离开前还是很热乎。干炒牛河味道淡，很合口。肉不少，青椒红椒和头菜都很入味。肠粉的虾不少。蜜汁叉烧皇，蜂蜜凝固黄豆粘在盘子上可惜了,Positive,Positive,Negative,Not Mentioned,Positive
2940,好吃??稍贵、最爱清蒸鱼，有些菜品跟以前不太一样，不过口味还是一如既往的好。加油！,Not Mentioned,Not Mentioned,Negative,Not Mentioned,Positive
2943,不好吃了。。不如以前。。菜都奇奇怪怪。。好吃的菜都改没了。。,Not Mentioned,Not Mentioned,Not Mentioned,Not Mentioned,Negative
2946,一如既往的喜欢吃。如果价格能再亲民些就好啦。咖喱牛肉，鲜虾云吞都喜欢,Not Mentioned,Not Mentioned,Negative,Not Mentioned,Positive
2947,多年来一直是这家的忠实粉丝，总来这里吃，降价之后来了两次，分别点了咖喱牛腩和梅菜排骨，算是人气很高的菜了，略微有些失望，感觉口味不如以前，价格降了品质不应该也随之下降，真心希望店家尽快调整,Not Mentioned,Not Mentioned,Negative,Not Mentioned,Neutral
2948,多年来一直是这家的忠实粉丝，总来这里吃，降价之后来了两次，分别点了咖喱牛腩和梅菜排骨，算是人气很高的菜了，略微有些失望，感觉口味不如以前，价格降了品质不应该也随之下降，真心希望店家尽快调整,Not Mentioned,Not Mentioned,Negative,Not Mentioned,Neutral
2960,因为去的时候是中午人多，服务员态度不是很好催了好几遍都没理，味道父母很喜欢。,Not Mentioned,Negative,Not Mentioned,Not Mentioned,Positive
2964,菜品还是看样子 就是在他家吃出蟑螂啦！太恶心,Not Mentioned,Not Mentioned,Not Mentioned,Negative,Not Mentioned
2965,挺好吃，就是上菜慢一些,Not Mentioned,Negative,Not Mentioned,Not Mentioned,Positive
2970,咖喱牛腩好吃！烧鸭也不错！服务态度很好。提一点建议，每桌顾客应该免费提供一包餐巾纸，第二包起收费比较合理，这么好的餐厅这么贵的价格，不提供免费纸巾不应该。有些太唯利了！,Not Mentioned,Positive,Negative,Not Mentioned,Positive
2978,价格小贵点地方好，服务员的制服看着太土了,Not Mentioned,Neutral,Negative,Positive,Not Mentioned
2979,菜品味道可以，就是服务不太满意，问一个男领班要个勺子和碗要了三遍才上,Not Mentioned,Negative,Not Mentioned,Not Mentioned,Positive
2983,口味不仅一般，下完单还不让退菜。管理异常混乱，且不人性化。,Not Mentioned,Negative,Not Mentioned,Not Mentioned,Neutral
2985,还不错，就是有点小贵。家人喜欢。,Not Mentioned,Not Mentioned,Negative,Not Mentioned,Positive
3001,比起百年城一楼的那家 差很多 首先点菜没人接待 在一个水杯他没有隔离的地方 更别说消毒柜了 就放在抽屉里 或者柜子上 去了自己拿 关键是菜的味道也不行 菜心都绵软了 吃不出青菜的口感了 有一个小年轻女服务员在我问她这是什么的时候 居然还小声嘲笑了我一下 以后不再去伤自尊了,Not Mentioned,Negative,Not Mentioned,Negative,Negative
3005,尖沙咀已经不是以前的尖沙咀了，味道大不如前，以前最爱吃他家的蛋挞，现在贵的离谱。完全被千日贺碾压，对了这家店服务很差。,Not Mentioned,Negative,Negative,Not Mentioned,Negative
3008,分量太少了 四个菜 俩人不够吃 觉得价位太贵,Not Mentioned,Not Mentioned,Negative,Not Mentioned,Negative
3014,差强人意。。。肠粉那是个啥，真的没有路边摊的地道，云吞面里面的虾不是鲜虾，蛋挞也不好吃，勉强可以的咖喱牛肉煲，尖沙咀真的品质下降好多好多，不会再去了。,Not Mentioned,Not Mentioned,Not Mentioned,Not Mentioned,Negative
3037,百年城-1层，在周边逛街，正好顺便来这里吃个饭，总体来说不错！鲜虾云吞、港式奶茶味道很正，每次去了必点！现在还有配套的小咸菜，萝卜跟梅菜！很棒！服务员态度也很好，就是菜量感觉变大啦，有的价位也上了，干炒牛河变成了46一盘子，太多！3个人吃都够！下次点的时候注意下！??赞,Positive,Positive,Negative,Not Mentioned,Positive
3039,要了超海鲜河粉好吃??云吞好吃?? 还要了蒸草鱼 真心不好吃，不知道为什么这么多人喜欢吃 而且我吃完回家还拉肚子了 不推荐,Not Mentioned,Not Mentioned,Not Mentioned,Not Mentioned,Negative
3043,因为同事喜欢去吃，所以经常一起去，味道还不错，就是店里网络信号太不好找 #芝士h海鲜饭# #黑椒牛排饭# #皮蛋瘦肉粥# #冻柠乐# #红豆双皮奶# #港式奶茶# #肠粉#,Negative,Not Mentioned,Not Mentioned,Not Mentioned,Positive
3055,比较喜欢的一家店，菜品口味都不错，唯一不足就是不应该餐前结账，请朋友吃饭的时候，刚点完餐，服务员要求付款，就觉得好尴尬，急忙掏钱，让朋友看了还以为我不想付钱呢,Not Mentioned,Negative,Not Mentioned,Not Mentioned,Positive
3061,喜欢他家的东西，就是当工作餐贵了点。,Not Mentioned,Not Mentioned,Negative,Not Mentioned,Positive
3066,菜品还是原来的味道和样子，只是价钱??价钱??价钱??～为什么涨的这么离谱，海鲜h饭竟然42元一碗，***！要不要去抢钱啊～还有海鲜炒饭也是42元，可能还有好多涨价的我没细看，你家要是还想生意兴隆，最好不要这样玩，最后会砸了自己的脚～！,Not Mentioned,Not Mentioned,Negative,Not Mentioned,Not Mentioned
3073,不提供纸巾，价格有点贵！重要的事情说三遍不提供纸巾，不提供纸巾，不提供纸巾！,Not Mentioned,Not Mentioned,Negative,Not Mentioned,Not Mentioned
3080,套菜全部取消了，没有以前实惠了。,Not Mentioned,Not Mentioned,Negative,Not Mentioned,Not Mentioned
3087,好吃，味道一直不错，外卖的话也吃很多次了，只是不便宜,Not Mentioned,Not Mentioned,Negative,Not Mentioned,Positive
3092,好多以前的菜品都没有了，好吃没了，就连叉烧酥都没有，哎……,Not Mentioned,Not Mentioned,Not Mentioned,Not Mentioned,Negative
3097,味道一般，个人不是很喜欢，价格偏贵,Not Mentioned,Not Mentioned,Negative,Not Mentioned,Neutral
3102,挺喜欢吃的，如果价格能便宜一些些就好了,Not Mentioned,Not Mentioned,Negative,Not Mentioned,Positive
3129,人多，价格不便宜，味道不错，需要等位,Not Mentioned,Neutral,Negative,Not Mentioned,Positive
3130,味道一如既往的好，只是价格越来越高，团购力度越来越低。,Not Mentioned,Not Mentioned,Negative,Not Mentioned,Positive
3164,尖沙嘴永远都是在涨价，常吃的都知道呐，人家打折太就偷偷涨，只怪大家太捧场了，哈哈！,Not Mentioned,Not Mentioned,Negative,Not Mentioned,Not Mentioned
3166,味道正宗，等了很久才排到位的！,Not Mentioned,Negative,Not Mentioned,Not Mentioned,Positive
3170,味道依旧很不错，就是服务跟不上，人好多,Not Mentioned,Negative,Not Mentioned,Not Mentioned,Positive
3171,菜品口味很经典。正宗的港式。但是人多嘈杂,Not Mentioned,Not Mentioned,Not Mentioned,Negative,Positive
3172,价格有点小贵，能接受。味道不错和香港本土有一拼的。服务态度一般,Not Mentioned,Neutral,Negative,Not Mentioned,Positive
3173,好吃是好吃，就是更贵了，服务也不好～,Not Mentioned,Negative,Negative,Not Mentioned,Positive
3177,价格特别贵，口感没以前好吃，环境就像大市场，与饭菜价格不符合,Not Mentioned,Not Mentioned,Negative,Neutral,Neutral
3179,逛街基本上都会来尖沙嘴，家人和朋友都喜欢这里的味道和环境，就是周末人多要排队。鲜虾云吞每次必点，孩子喜欢榴莲酥和鲜虾肠粉，干炒牛河和炒米粉也不错，梅菜蒸草鱼个人非常喜欢，鲜嫩可口不油腻，就是等的时间比较长，要提前先点好呦,Positive,Negative,Not Mentioned,Positive,Positive
3184,还不错，简餐，特别吵闹，快吃，吃完走。,Not Mentioned,Not Mentioned,Not Mentioned,Negative,Not Mentioned
3193,经常在百年城的尖沙嘴吃，因为朋友喜欢，但是店里环境真的也需要进步一点了……,Not Mentioned,Not Mentioned,Not Mentioned,Negative,Not Mentioned
3199,请问，你家服务员拉拉个脸给谁看啊。,Not Mentioned,Negative,Not Mentioned,Not Mentioned,Not Mentioned
3203,菜味道很好，服务稍差，环境一般,Not Mentioned,Negative,Not Mentioned,Neutral,Positive
3205,肠粉太难吃，还不如广州路边摊，,Not Mentioned,Not Mentioned,Not Mentioned,Not Mentioned,Negative
3219,爱吃他家的梅菜排骨，就是服务太差了，一个个像谁欠了钱似的，有想吃的打算想想服务就算了,Not Mentioned,Negative,Not Mentioned,Not Mentioned,Not Mentioned
3240,去好多次，味道不错，如果再优惠点就好了，价钱略贵,Not Mentioned,Not Mentioned,Negative,Not Mentioned,Positive
3259,味道还行，价格不是很便宜，服务一般吧,Not Mentioned,Neutral,Negative,Not Mentioned,Neutral
3267,好吃、稍贵，最爱梅菜蒸草鱼，窝蛋肥牛金针菇也好吃，榴莲糯米卷也还不错，5人消费大约280。,Not Mentioned,Not Mentioned,Negative,Not Mentioned,Positive
3272,口味还可以，干炒牛河有点贵！榴莲酥挺好吃,Not Mentioned,Not Mentioned,Negative,Not Mentioned,Positive
3277,云吞做的非常好，大颗虾仁皮很薄，汤很浓郁还有蔬菜的清香，就是价格有点贵，饮品还好，比较正宗，就是位置不太好找，冷空气吹的太冷了，餐巾纸还要一块一包。,Negative,Not Mentioned,Negative,Not Mentioned,Positive
3279,中午和姐姐去尖沙嘴茶餐厅吃的饭，人不是很多，点的咖喱牛肉饭，梅菜排骨饭，酸萝卜和榴莲酥，量都很大，排骨味正软烂，牛肉也很正宗，酸萝卜很开胃爽口，解腻，就是不提供餐巾纸有点不人性化，最后吃的很撑，还打包把榴莲酥带走,Not Mentioned,Negative,Not Mentioned,Not Mentioned,Positive
3284,价格有点小贵，但是味道还是不错的,Not Mentioned,Not Mentioned,Negative,Not Mentioned,Positive
3286,好像没有以前好吃了，点餐半小时后告诉没下单，加急做的味道就一般了么？讲真，印象下降了。,Not Mentioned,Negative,Not Mentioned,Not Mentioned,Negative
3291,口味不错，就是价格挺贵，一直喜欢吃,Not Mentioned,Not Mentioned,Negative,Not Mentioned,Positive
3293,好吃 团购要是优惠些就更完美了,Not Mentioned,Not Mentioned,Negative,Not Mentioned,Positive
3302,妈妈嘴爱他家的鲜虾云吞，每次必见盘底，咖喱鱼蛋一般般，干炒牛河不错，河粉口感也不错，酸菜鱼中规中矩。团购再给力些更好了，价格有点偏高。,Not Mentioned,Not Mentioned,Negative,Not Mentioned,Neutral
3317,东西越来越贵，没涨价的分量越来越小,Not Mentioned,Not Mentioned,Negative,Not Mentioned,Negative
3318,料很足 很好吃 只是位置略偏 推荐！,Negative,Not Mentioned,Not Mentioned,Not Mentioned,Positive
3325,尖沙嘴，给我和老粑挑的眼花缭乱，不知道该点啥，榴莲酥馅儿少，沙拉中规中矩，口水鸡的卖相不太好，味道还行，肠粉好吃，感觉跟什么可像了，但想不出来是什么[吃惊]蚝皇牛杂粉超烂，慎点，还推荐菜一点都不好吃，芝士海鲜h饭，我不太喜欢那个味道，但老粑很喜欢,Not Mentioned,Not Mentioned,Not Mentioned,Not Mentioned,Negative
3333,我家食堂，所有菜都好吃，就是不给餐巾纸比较讨厌。,Not Mentioned,Negative,Not Mentioned,Not Mentioned,Positive
3334,味道可以  环境嘈杂  宝贝儿老婆表示很不开心,Not Mentioned,Not Mentioned,Not Mentioned,Negative,Positive
3338,味道  服务都好吧！优惠价格再低点就好了,Not Mentioned,Positive,Negative,Not Mentioned,Neutral
3341,口感不如从前了、价格也高了很多、菜品没有新特色。,Not Mentioned,Not Mentioned,Negative,Not Mentioned,Neutral
3346,很久没去了，想吃特地跑过去百年城。结果牛腩饭吃出头发。鲜虾云吞居然臭了。服务员还不承认。以前从来没有出现过这种情况。其它菜品公道的说味道还是一如既往的好。但是有问题的话。顾客也不是没事找事。希望店家可以正面面对。,Not Mentioned,Negative,Not Mentioned,Negative,Neutral
3347,多少年了，除了吃，还有点情感，可是一次不如一次，服务太差了，非常痛心！,Not Mentioned,Negative,Not Mentioned,Not Mentioned,Not Mentioned
3355,位置不好找 味道不错哦哦哦哦 然后叉烧包好吃 烧腊不错 总体不错 蛋挞好吃,Negative,Not Mentioned,Not Mentioned,Not Mentioned,Positive
3366,我觉得一般般 不是那么正宗 点的一桌子菜都没怎么吃 服务员的服务质量太差了 ,Not Mentioned,Negative,Not Mentioned,Not Mentioned,Neutral
3367,菜味还行，环境一般，服务态度不好,Not Mentioned,Negative,Not Mentioned,Neutral,Positive
3371,首先离单位近，它家味道，菜品好吃。服务态度好，环境好。再次周末人太多了，有时候排不上队，而且它家菜品价格涨价了。以后偶尔去吃吃吧！,Not Mentioned,Positive,Negative,Positive,Positive
3373,非常好吃，味道很赞～～～～～～～～～强烈推荐肠粉～～～～～第一次吃感觉好好吃～～～～排骨超级大～～～～～～分量比想象的足～～～～两个人三个菜吃不完～～～～～～～～～～～～环境很干净，就是地方不太好找～～～～～～,Negative,Not Mentioned,Not Mentioned,Positive,Positive
3385,说实话，百年城店真心不好找啊！开在一个犄角旮旯里了！问了两次路才找到！好在味道够味！每次来都必点咖喱饭！百吃不厌！还有蛋挞！秒杀一切甜品店的！这次是跟爸妈一起来吃的！点的套餐，还是很实惠的！希望活动力度再大点啊！,Negative,Not Mentioned,Positive,Not Mentioned,Positive
3406,超级爱的一家餐厅，吃了10几年，就是价格越来越贵了，口味真心不错，环境很多年不变，也是旧了,Not Mentioned,Not Mentioned,Negative,Neutral,Positive
3408,很不错囗味，可惜打九折，而且周休日不能优惠。,Not Mentioned,Not Mentioned,Negative,Not Mentioned,Positive
3410,服务员服务特别不到位，还没上菜居然叫我先买单，买单后告诉我这个没有那个没有的。空调不是很足特别热。菜品口味但是不错,Not Mentioned,Negative,Not Mentioned,Neutral,Positive
3420,环境好，口味真是太高估了，赶不上一般的广式，难吃。还贵。,Not Mentioned,Not Mentioned,Negative,Positive,Negative
3421,叉烧肉不好吃太甜。肉还发黑。，不知道是不是坏了,Not Mentioned,Not Mentioned,Not Mentioned,Not Mentioned,Negative
3424,来过很多次。饭菜口味不错，挺好的。团购省的再多点就好了,Not Mentioned,Not Mentioned,Negative,Not Mentioned,Positive
3428,网速慢呀，越来越贵了，量越来越少了,Not Mentioned,Not Mentioned,Negative,Not Mentioned,Negative
3429,网速慢呀，越来越贵了，量越来越少了,Not Mentioned,Not Mentioned,Negative,Not Mentioned,Negative
3438,味道真心觉得一般，服务太差，服务员喊一次要等十多分钟,Not Mentioned,Negative,Not Mentioned,Not Mentioned,Neutral
3449,味道感觉不如以前，为什么服务人员不能多带笑容呢？跟年纪有关吗？,Not Mentioned,Negative,Not Mentioned,Not Mentioned,Neutral
3464,一如既往的贵 一份饭40...,Not Mentioned,Not Mentioned,Negative,Not Mentioned,Not Mentioned
3471,不错，依然老味道，就是人多，上菜慢了点,Not Mentioned,Negative,Not Mentioned,Not Mentioned,Positive
3480,餐厅的套餐吃来吃去也就那几个 价格不便宜,Not Mentioned,Not Mentioned,Negative,Not Mentioned,Not Mentioned
3481,它家的菜越来越贵，量还少了，肠粉超咸，,Not Mentioned,Not Mentioned,Negative,Not Mentioned,Negative
3484,越来越差味道 服务员慢半拍了了,Not Mentioned,Negative,Not Mentioned,Not Mentioned,Negative
3491,主要去吃肠粉的 还不错 价格稍贵,Not Mentioned,Not Mentioned,Negative,Not Mentioned,Not Mentioned
3493,什么时候去都是在排队  说明店家还是很用心的在做自己的品牌  值得关注,Not Mentioned,Negative,Not Mentioned,Not Mentioned,Not Mentioned
3501,口味还不错，团购力度再大些就更好了。,Not Mentioned,Not Mentioned,Negative,Not Mentioned,Positive
3506,出品不错，就是老板能不能多雇几个服务员，都是很忙的样子，点个菜真是费劲。,Not Mentioned,Negative,Not Mentioned,Not Mentioned,Not Mentioned
3507,十多年了，依旧好吃，只是环境有些吵。,Not Mentioned,Not Mentioned,Not Mentioned,Negative,Positive
3511,这个餐厅的每一样菜品都值得品尝！个人觉得还是有点小贵的！但是真心好吃，特别是蛋挞，百吃不厌！强烈推荐！,Not Mentioned,Not Mentioned,Negative,Not Mentioned,Positive
